"felt";"klasse";"month";"monthly_volume_base";"monthly_volume_calc";"indeks";"aar_maaned";"stasjon";"kode"
"BJØRN";"Liten_bil";1;250573;263289;5,07476863029936;2017-01-01;"Bjørndalen (Oslovn.)";54
"BJØRN";"Liten_bil";2;241513;243909;0,992079101332011;2017-02-01;"Bjørndalen (Oslovn.)";54
"BJØRN";"Liten_bil";3;253243;288866;14,0667264248173;2017-03-01;"Bjørndalen (Oslovn.)";54
"BJØRN";"Liten_bil";4;281366;246376;-12,435759828835;2017-04-01;"Bjørndalen (Oslovn.)";54
"BJØRN";"Liten_bil";5;281824;284338;0,892046099693422;2017-05-01;"Bjørndalen (Oslovn.)";54
"BJØRN";"Liten_bil";6;280167;286085;2,11231158559002;2017-06-01;"Bjørndalen (Oslovn.)";54
"BJØRN";"Liten_bil";7;229469;227209;-0,984882489573757;2017-07-01;"Bjørndalen (Oslovn.)";54
"BJØRN";"Liten_bil";8;279763;285936;2,20651051068226;2017-08-01;"Bjørndalen (Oslovn.)";54
"BJØRN";"Liten_bil";9;281908;280866;-0,369624132695778;2017-09-01;"Bjørndalen (Oslovn.)";54
"BJØRN";"Liten_bil";10;282025;295798;4,88360960907721;2017-10-01;"Bjørndalen (Oslovn.)";54
"BJØRN";"Liten_bil";11;274124;272924;-0,437758094876772;2017-11-01;"Bjørndalen (Oslovn.)";54
"BJØRN";"Liten_bil";12;261315;242799;-7,08570116526032;2017-12-01;"Bjørndalen (Oslovn.)";54
"BRATS";"Liten_bil";1;194944;192293;-1,35987770847013;2017-01-01;"Bratsbergveien";65
"BRATS";"Liten_bil";2;184962;178452;-3,51964187238459;2017-02-01;"Bratsbergveien";65
"BRATS";"Liten_bil";3;188080;210912;12,1395150999575;2017-03-01;"Bratsbergveien";65
"BRATS";"Liten_bil";4;212445;169643;-20,1473322507002;2017-04-01;"Bratsbergveien";65
"BRATS";"Liten_bil";5;200589;200121;-0,233312893528559;2017-05-01;"Bratsbergveien";65
"BRATS";"Liten_bil";6;198170;196119;-1,03496997527376;2017-06-01;"Bratsbergveien";65
"BRATS";"Liten_bil";7;144101;144638;0,372655290386614;2017-07-01;"Bratsbergveien";65
"BRATS";"Liten_bil";8;197276;198697;0,720310630791388;2017-08-01;"Bratsbergveien";65
"BRATS";"Liten_bil";9;199666;191545;-4,06729237827171;2017-09-01;"Bratsbergveien";65
"BRATS";"Liten_bil";10;203942;208837;2,40019221151111;2017-10-01;"Bratsbergveien";65
"BRATS";"Liten_bil";11;208184;217539;4,49362102755255;2017-11-01;"Bratsbergveien";65
"BRATS";"Liten_bil";12;183406;183811;0,220821565270501;2017-12-01;"Bratsbergveien";65
"BYÅSV";"Liten_bil";1;292557;298660;2,08608920654778;2017-01-01;"Byåsveien";68
"BYÅSV";"Liten_bil";2;269399;271339;0,720121455536216;2017-02-01;"Byåsveien";68
"BYÅSV";"Liten_bil";3;278868;319760;14,6635684266391;2017-03-01;"Byåsveien";68
"BYÅSV";"Liten_bil";4;307051;267835;-12,7718196651371;2017-04-01;"Byåsveien";68
"BYÅSV";"Liten_bil";5;309292;317193;2,55454392612806;2017-05-01;"Byåsveien";68
"BYÅSV";"Liten_bil";6;307304;298556;-2,84669252596778;2017-06-01;"Byåsveien";68
"BYÅSV";"Liten_bil";7;231838;223272;-3,69482138389737;2017-07-01;"Byåsveien";68
"BYÅSV";"Liten_bil";8;301899;296628;-1,74594814822175;2017-08-01;"Byåsveien";68
"BYÅSV";"Liten_bil";9;308945;299026;-3,21060382916053;2017-09-01;"Byåsveien";68
"BYÅSV";"Liten_bil";10;308890;304838;-1,31179384246819;2017-10-01;"Byåsveien";68
"BYÅSV";"Liten_bil";11;309487;315679;2,00073024068863;2017-11-01;"Byåsveien";68
"BYÅSV";"Liten_bil";12;312349;311504;-0,270530720444118;2017-12-01;"Byåsveien";68
"BØCKM";"Liten_bil";1;156047;163453;4,7460060110095;2017-01-01;"Bøckmans veg";67
"BØCKM";"Liten_bil";2;146948;146983;0,0238179492065171;2017-02-01;"Bøckmans veg";67
"BØCKM";"Liten_bil";3;147199;173129;17,6156088016902;2017-03-01;"Bøckmans veg";67
"BØCKM";"Liten_bil";4;165429;142467;-13,8802749215676;2017-04-01;"Bøckmans veg";67
"BØCKM";"Liten_bil";5;161772;168093;3,90735108671463;2017-05-01;"Bøckmans veg";67
"BØCKM";"Liten_bil";6;154194;157367;2,0577973202589;2017-06-01;"Bøckmans veg";67
"BØCKM";"Liten_bil";7;117492;117594;0,0868144214074107;2017-07-01;"Bøckmans veg";67
"BØCKM";"Liten_bil";8;154720;161458;4,35496380558429;2017-08-01;"Bøckmans veg";67
"BØCKM";"Liten_bil";9;160848;160324;-0,325773400974838;2017-09-01;"Bøckmans veg";67
"BØCKM";"Liten_bil";10;167397;167754;0,213265470707369;2017-10-01;"Bøckmans veg";67
"BØCKM";"Liten_bil";11;170122;158104;-7,06434206040371;2017-11-01;"Bøckmans veg";67
"BØCKM";"Liten_bil";12;163993;145459;-11,3017019019104;2017-12-01;"Bøckmans veg";67
"GAMLE";"Liten_bil";1;109056;113866;4,4105780516432;2017-01-01;"Gamle Oslovei";69
"GAMLE";"Liten_bil";2;101074;105907;4,78164513128994;2017-02-01;"Gamle Oslovei";69
"GAMLE";"Liten_bil";3;104500;121876;16,6277511961723;2017-03-01;"Gamle Oslovei";69
"GAMLE";"Liten_bil";4;115948;100260;-13,5302031945355;2017-04-01;"Gamle Oslovei";69
"GAMLE";"Liten_bil";5;120183;122404;1,84801511029014;2017-05-01;"Gamle Oslovei";69
"GAMLE";"Liten_bil";6;122455;121449;-0,821526274958151;2017-06-01;"Gamle Oslovei";69
"GAMLE";"Liten_bil";7;91692;91518;-0,189765737468917;2017-07-01;"Gamle Oslovei";69
"GAMLE";"Liten_bil";8;118366;117788;-0,488315901525771;2017-08-01;"Gamle Oslovei";69
"GAMLE";"Liten_bil";9;117913;117455;-0,388421972131991;2017-09-01;"Gamle Oslovei";69
"GAMLE";"Liten_bil";10;118239;115717;-2,13296797165063;2017-10-01;"Gamle Oslovei";69
"GAMLE";"Liten_bil";11;113967;117085;2,73587968447007;2017-11-01;"Gamle Oslovei";69
"GAMLE";"Liten_bil";12;119353;120363;0,846229252720909;2017-12-01;"Gamle Oslovei";69
"H-VII";"Liten_bil";1;313182;332706;6,23407475525413;2017-01-01;"Haakon VII s gt ";60
"H-VII";"Liten_bil";2;297792;305721;2,66259671179885;2017-02-01;"Haakon VII s gt ";60
"H-VII";"Liten_bil";3;315707;359055;13,7304526032049;2017-03-01;"Haakon VII s gt ";60
"H-VII";"Liten_bil";4;361661;306259;-15,3187653631439;2017-04-01;"Haakon VII s gt ";60
"H-VII";"Liten_bil";5;343639;360446;4,89088840323713;2017-05-01;"Haakon VII s gt ";60
"H-VII";"Liten_bil";6;383267;373548;-2,53583011321089;2017-06-01;"Haakon VII s gt ";60
"H-VII";"Liten_bil";7;289116;293473;1,50700756789661;2017-07-01;"Haakon VII s gt ";60
"H-VII";"Liten_bil";8;367772;362600;-1,40630608094146;2017-08-01;"Haakon VII s gt ";60
"H-VII";"Liten_bil";9;361993;351712;-2,84011016787618;2017-09-01;"Haakon VII s gt ";60
"H-VII";"Liten_bil";10;368080;365127;-0,802271245381436;2017-10-01;"Haakon VII s gt ";60
"H-VII";"Liten_bil";11;365377;363687;-0,462535956012555;2017-11-01;"Haakon VII s gt ";60
"H-VII";"Liten_bil";12;353255;339453;-3,90709261015414;2017-12-01;"Haakon VII s gt ";60
"KLETT";"Liten_bil";1;155608;177515;14,0783250218498;2017-01-01;"Klett - Rv.707";51
"KLETT";"Liten_bil";2;136861;151223;10,4938587325827;2017-02-01;"Klett - Rv.707";51
"KLETT";"Liten_bil";3;150752;145895;-3,22184780301422;2017-03-01;"Klett - Rv.707";51
"KLETT";"Liten_bil";4;173676;170037;-2,09528086782285;2017-04-01;"Klett - Rv.707";51
"KLETT";"Liten_bil";5;193397;204015;5,4902609657854;2017-05-01;"Klett - Rv.707";51
"KLETT";"Liten_bil";6;213928;207087;-3,19780486892787;2017-06-01;"Klett - Rv.707";51
"KLETT";"Liten_bil";7;152782;175042;14,5697791624668;2017-07-01;"Klett - Rv.707";51
"KLETT";"Liten_bil";8;156704;213043;35,9524964263835;2017-08-01;"Klett - Rv.707";51
"KLETT";"Liten_bil";9;186198;200922;7,90771114619921;2017-09-01;"Klett - Rv.707";51
"KLETT";"Liten_bil";10;180714;203512;12,615514016623;2017-10-01;"Klett - Rv.707";51
"KLETT";"Liten_bil";11;165428;208390;25,970210605218;2017-11-01;"Klett - Rv.707";51
"KLETT";"Liten_bil";12;150194;169236;12,6782694381933;2017-12-01;"Klett - Rv.707";51
"KLETT-E6";"Liten_bil";1;551299;544925;-1,15617840772431;2017-01-01;"Klett - E6";52
"KLETT-E6";"Liten_bil";2;570222;556008;-2,49271336426865;2017-02-01;"Klett - E6";52
"KLETT-E6";"Liten_bil";3;647025;612946;-5,26702986747034;2017-03-01;"Klett - E6";52
"KLETT-E6";"Liten_bil";4;659080;604313;-8,30961340049766;2017-04-01;"Klett - E6";52
"KLETT-E6";"Liten_bil";5;703027;679304;-3,37440809527941;2017-05-01;"Klett - E6";52
"KLETT-E6";"Liten_bil";6;710333;709175;-0,163022131873358;2017-06-01;"Klett - E6";52
"KLETT-E6";"Liten_bil";7;737754;710549;-3,68754354432508;2017-07-01;"Klett - E6";52
"KLETT-E6";"Liten_bil";8;771839;744091;-3,595050263073;2017-08-01;"Klett - E6";52
"KLETT-E6";"Liten_bil";9;703630;660016;-6,19842815115899;2017-09-01;"Klett - E6";52
"KLETT-E6";"Liten_bil";10;702701;646659;-7,97522701689624;2017-10-01;"Klett - E6";52
"KLETT-E6";"Liten_bil";11;627029;561667;-10,4240792690609;2017-11-01;"Klett - E6";52
"KLETT-E6";"Liten_bil";12;622858;584465;-6,16400527889182;2017-12-01;"Klett - E6";52
"KROP-";"Liten_bil";1;406319;436762;7,49238898500932;2017-01-01;"Kroppan bru";56
"KROP-";"Liten_bil";2;393930;414729;5,27987205848754;2017-02-01;"Kroppan bru";56
"KROP-";"Liten_bil";3;414589;483416;16,6012605254843;2017-03-01;"Kroppan bru";56
"KROP-";"Liten_bil";4;454520;409196;-9,97183842295168;2017-04-01;"Kroppan bru";56
"KROP-";"Liten_bil";5;443636;472660;6,54230044450856;2017-05-01;"Kroppan bru";56
"KROP-";"Liten_bil";6;445554;463066;3,93038778689003;2017-06-01;"Kroppan bru";56
"KROP-";"Liten_bil";7;366868;367648;0,212610530217949;2017-07-01;"Kroppan bru";56
"KROP-";"Liten_bil";8;416476;460989;10,6880108337575;2017-08-01;"Kroppan bru";56
"KROP-";"Liten_bil";9;413736;453050;9,50219463619313;2017-09-01;"Kroppan bru";56
"KROP-";"Liten_bil";10;470538;470661;0,0261402904760066;2017-10-01;"Kroppan bru";56
"KROP-";"Liten_bil";11;460973;470318;2,02723369915374;2017-11-01;"Kroppan bru";56
"KROP-";"Liten_bil";12;443239;435029;-1,85227382969458;2017-12-01;"Kroppan bru";56
"LANDB";"Liten_bil";1;139002;144898;4,24166558754551;2017-01-01;"Landbruksvegen";61
"LANDB";"Liten_bil";2;134562;135249;0,510545324831679;2017-02-01;"Landbruksvegen";61
"LANDB";"Liten_bil";3;135983;154675;13,7458358765434;2017-03-01;"Landbruksvegen";61
"LANDB";"Liten_bil";4;153708;128085;-16,6699195877898;2017-04-01;"Landbruksvegen";61
"LANDB";"Liten_bil";5;137504;142647;3,74025482895044;2017-05-01;"Landbruksvegen";61
"LANDB";"Liten_bil";6;151673;154297;1,73003764677959;2017-06-01;"Landbruksvegen";61
"LANDB";"Liten_bil";7;150292;147008;-2,18507971149495;2017-07-01;"Landbruksvegen";61
"LANDB";"Liten_bil";8;180809;177848;-1,63763971926176;2017-08-01;"Landbruksvegen";61
"LANDB";"Liten_bil";9;155054;151940;-2,0083325809073;2017-09-01;"Landbruksvegen";61
"LANDB";"Liten_bil";10;165712;164620;-0,658974606546292;2017-10-01;"Landbruksvegen";61
"LANDB";"Liten_bil";11;167414;165500;-1,1432735613509;2017-11-01;"Landbruksvegen";61
"LANDB";"Liten_bil";12;163890;151857;-7,34211971444262;2017-12-01;"Landbruksvegen";61
"LEIRF";"Liten_bil";1;55759;60503;8,50804354453989;2017-01-01;"Nedre Leirfoss (Fossestuvegen)";53
"LEIRF";"Liten_bil";2;51174;55991;9,41298315550865;2017-02-01;"Nedre Leirfoss (Fossestuvegen)";53
"LEIRF";"Liten_bil";3;51875;66642;28,4665060240964;2017-03-01;"Nedre Leirfoss (Fossestuvegen)";53
"LEIRF";"Liten_bil";4;64130;54218;-15,4561047871511;2017-04-01;"Nedre Leirfoss (Fossestuvegen)";53
"LEIRF";"Liten_bil";5;64429;69654;8,1097021527573;2017-05-01;"Nedre Leirfoss (Fossestuvegen)";53
"LEIRF";"Liten_bil";6;66888;69314;3,62695849778734;2017-06-01;"Nedre Leirfoss (Fossestuvegen)";53
"LEIRF";"Liten_bil";7;44623;47216;5,81090469040628;2017-07-01;"Nedre Leirfoss (Fossestuvegen)";53
"LEIRF";"Liten_bil";8;64564;66216;2,5587014435289;2017-08-01;"Nedre Leirfoss (Fossestuvegen)";53
"LEIRF";"Liten_bil";9;67052;67005;-0,0700948517568412;2017-09-01;"Nedre Leirfoss (Fossestuvegen)";53
"LEIRF";"Liten_bil";10;63840;68369;7,09429824561403;2017-10-01;"Nedre Leirfoss (Fossestuvegen)";53
"LEIRF";"Liten_bil";11;63675;88303;38,6776599921476;2017-11-01;"Nedre Leirfoss (Fossestuvegen)";53
"LEIRF";"Liten_bil";12;57780;72940;26,2374524056767;2017-12-01;"Nedre Leirfoss (Fossestuvegen)";53
"RANH-";"Liten_bil";1;444911;477029;7,2189718842645;2017-01-01;"Ranheim";72
"RANH-";"Liten_bil";2;450225;464802;3,23771447609529;2017-02-01;"Ranheim";72
"RANH-";"Liten_bil";3;491547;524239;6,65083908558084;2017-03-01;"Ranheim";72
"RANH-";"Liten_bil";4;514668;479341;-6,86403662166678;2017-04-01;"Ranheim";72
"RANH-";"Liten_bil";5;541790;546376;0,846453422912941;2017-05-01;"Ranheim";72
"RANH-";"Liten_bil";6;575003;592235;2,99685392945777;2017-06-01;"Ranheim";72
"RANH-";"Liten_bil";7;565242;569290;0,716153435165823;2017-07-01;"Ranheim";72
"RANH-";"Liten_bil";8;584684;621338;6,26902737205055;2017-08-01;"Ranheim";72
"RANH-";"Liten_bil";9;546390;567889;3,93473526235839;2017-09-01;"Ranheim";72
"RANH-";"Liten_bil";10;560745;570154;1,67794630357827;2017-10-01;"Ranheim";72
"RANH-";"Liten_bil";11;521232;533609;2,37456641188569;2017-11-01;"Ranheim";72
"RANH-";"Liten_bil";12;489022;485294;-0,762337890728837;2017-12-01;"Ranheim";72
"Rv706";"Liten_bil";1;625531;665501;6,3897712503457;2017-01-01;"Rv 706 Leangensletta";59
"Rv706";"Liten_bil";2;596181;617547;3,58381095673965;2017-02-01;"Rv 706 Leangensletta";59
"Rv706";"Liten_bil";3;615849;724095;17,5767111743301;2017-03-01;"Rv 706 Leangensletta";59
"Rv706";"Liten_bil";4;682840;609664;-10,7164196590709;2017-04-01;"Rv 706 Leangensletta";59
"Rv706";"Liten_bil";5;665593;715497;7,4976750055965;2017-05-01;"Rv 706 Leangensletta";59
"Rv706";"Liten_bil";6;676911;706283;4,33912286844209;2017-06-01;"Rv 706 Leangensletta";59
"Rv706";"Liten_bil";7;552751;562864;1,82957606589587;2017-07-01;"Rv 706 Leangensletta";59
"Rv706";"Liten_bil";8;696981;718867;3,14011429292909;2017-08-01;"Rv 706 Leangensletta";59
"Rv706";"Liten_bil";9;684871;705405;2,9982288635378;2017-09-01;"Rv 706 Leangensletta";59
"Rv706";"Liten_bil";10;697791;739096;5,91939420256209;2017-10-01;"Rv 706 Leangensletta";59
"Rv706";"Liten_bil";11;706753;758001;7,25118959523341;2017-11-01;"Rv 706 Leangensletta";59
"Rv706";"Liten_bil";12;693082;720430;3,94585344879828;2017-12-01;"Rv 706 Leangensletta";59
"SLUPP";"Liten_bil";1;306832;319382;4,09018616050476;2017-01-01;"Nord for Sluppen bru (Tempevn)";55
"SLUPP";"Liten_bil";2;293561;293535;-0,0088567623083402;2017-02-01;"Nord for Sluppen bru (Tempevn)";55
"SLUPP";"Liten_bil";3;301213;346902;15,1683360279935;2017-03-01;"Nord for Sluppen bru (Tempevn)";55
"SLUPP";"Liten_bil";4;333781;285946;-14,3312531270504;2017-04-01;"Nord for Sluppen bru (Tempevn)";55
"SLUPP";"Liten_bil";5;339594;339905;0,0915799454642929;2017-05-01;"Nord for Sluppen bru (Tempevn)";55
"SLUPP";"Liten_bil";6;333003;330888;-0,635129413248525;2017-06-01;"Nord for Sluppen bru (Tempevn)";55
"SLUPP";"Liten_bil";7;257885;255212;-1,03650852124009;2017-07-01;"Nord for Sluppen bru (Tempevn)";55
"SLUPP";"Liten_bil";8;331927;336295;1,3159520014943;2017-08-01;"Nord for Sluppen bru (Tempevn)";55
"SLUPP";"Liten_bil";9;331580;332282;0,211713613607567;2017-09-01;"Nord for Sluppen bru (Tempevn)";55
"SLUPP";"Liten_bil";10;340430;347548;2,09088505713362;2017-10-01;"Nord for Sluppen bru (Tempevn)";55
"SLUPP";"Liten_bil";11;331425;237137;-28,4492720826733;2017-11-01;"Nord for Sluppen bru (Tempevn)";55
"SLUPP";"Liten_bil";12;312046;213495;-31,5822026239721;2017-12-01;"Nord for Sluppen bru (Tempevn)";55
"TEMPE";"Liten_bil";1;96761;103771;7,24465435454367;2017-01-01;"Tempeveien";66
"TEMPE";"Liten_bil";2;93099;96939;4,12464151064995;2017-02-01;"Tempeveien";66
"TEMPE";"Liten_bil";3;97221;114796;18,07737011551;2017-03-01;"Tempeveien";66
"TEMPE";"Liten_bil";4;111276;92706;-16,6882346597649;2017-04-01;"Tempeveien";66
"TEMPE";"Liten_bil";5;108378;110646;2,09267563527653;2017-05-01;"Tempeveien";66
"TEMPE";"Liten_bil";6;105121;104367;-0,717268671340643;2017-06-01;"Tempeveien";66
"TEMPE";"Liten_bil";7;76723;74702;-2,63415142786387;2017-07-01;"Tempeveien";66
"TEMPE";"Liten_bil";8;106109;104646;-1,3787708865412;2017-08-01;"Tempeveien";66
"TEMPE";"Liten_bil";9;107355;103818;-3,29467654044991;2017-09-01;"Tempeveien";66
"TEMPE";"Liten_bil";10;116208;115778;-0,37002615998899;2017-10-01;"Tempeveien";66
"TEMPE";"Liten_bil";11;110482;93135;-15,701200195507;2017-11-01;"Tempeveien";66
"TEMPE";"Liten_bil";12;98859;77685;-21,4183837586866;2017-12-01;"Tempeveien";66
"THBRA";"Liten_bil";1;403318;401222;-0,51968917826628;2017-01-01;"Thorbjørn Bratts veg";64
"THBRA";"Liten_bil";2;386435;368422;-4,66132726072949;2017-02-01;"Thorbjørn Bratts veg";64
"THBRA";"Liten_bil";3;399921;430478;7,64075904991235;2017-03-01;"Thorbjørn Bratts veg";64
"THBRA";"Liten_bil";4;444809;355997;-19,9663226238678;2017-04-01;"Thorbjørn Bratts veg";64
"THBRA";"Liten_bil";5;428241;414945;-3,10479379601672;2017-05-01;"Thorbjørn Bratts veg";64
"THBRA";"Liten_bil";6;423367;398472;-5,88024102020233;2017-06-01;"Thorbjørn Bratts veg";64
"THBRA";"Liten_bil";7;311388;290562;-6,68811900265907;2017-07-01;"Thorbjørn Bratts veg";64
"THBRA";"Liten_bil";8;435494;397670;-8,68530909725507;2017-08-01;"Thorbjørn Bratts veg";64
"THBRA";"Liten_bil";9;433973;381521;-12,0864662087273;2017-09-01;"Thorbjørn Bratts veg";64
"THBRA";"Liten_bil";10;436749;396507;-9,21398789693851;2017-10-01;"Thorbjørn Bratts veg";64
"THBRA";"Liten_bil";11;442393;391200;-11,5718377099095;2017-11-01;"Thorbjørn Bratts veg";64
"THBRA";"Liten_bil";12;399243;354522;-11,2014487417437;2017-12-01;"Thorbjørn Bratts veg";64
"TILLB";"Liten_bil";1;51208;19882;-61,1740353069833;2017-01-01;"Tillerbrua";86
"TILLB";"Liten_bil";2;48907;8993;-81,612039176396;2017-02-01;"Tillerbrua";86
"TILLB";"Liten_bil";3;52231;9757;-81,3195228887059;2017-03-01;"Tillerbrua";86
"TILLB";"Liten_bil";4;58204;8352;-85,6504707580235;2017-04-01;"Tillerbrua";86
"TILLB";"Liten_bil";5;60341;11107;-81,5929467526226;2017-05-01;"Tillerbrua";86
"TILLB";"Liten_bil";6;62156;59319;-4,56432202844456;2017-06-01;"Tillerbrua";86
"TILLB";"Liten_bil";7;47067;134152;185,023477170842;2017-07-01;"Tillerbrua";86
"TILLB";"Liten_bil";8;59701;88895;48,9003534279158;2017-08-01;"Tillerbrua";86
"TILLB";"Liten_bil";9;62986;43299;-31,2561521607976;2017-09-01;"Tillerbrua";86
"TILLB";"Liten_bil";10;59818;46372;-22,4781838242669;2017-10-01;"Tillerbrua";86
"TILLB";"Liten_bil";11;58742;40866;-30,4313778897552;2017-11-01;"Tillerbrua";86
"TILLB";"Liten_bil";12;49004;45867;-6,4015182434087;2017-12-01;"Tillerbrua";86
"TORGR";"Liten_bil";1;178018;208369;17,0493994989271;2017-01-01;"Fv 704 Torgårdsletta";85
"TORGR";"Liten_bil";2;164053;196457;19,7521532675416;2017-02-01;"Fv 704 Torgårdsletta";85
"TORGR";"Liten_bil";3;170363;231633;35,9643819373925;2017-03-01;"Fv 704 Torgårdsletta";85
"TORGR";"Liten_bil";4;187853;191470;1,92544170175617;2017-04-01;"Fv 704 Torgårdsletta";85
"TORGR";"Liten_bil";5;191037;229633;20,2034160921706;2017-05-01;"Fv 704 Torgårdsletta";85
"TORGR";"Liten_bil";6;197585;191253;-3,20469671280714;2017-06-01;"Fv 704 Torgårdsletta";85
"TORGR";"Liten_bil";7;142572;52751;-63,0004488959964;2017-07-01;"Fv 704 Torgårdsletta";85
"TORGR";"Liten_bil";8;185982;162212;-12,7808067447387;2017-08-01;"Fv 704 Torgårdsletta";85
"TORGR";"Liten_bil";9;193320;219224;13,3995447961928;2017-09-01;"Fv 704 Torgårdsletta";85
"TORGR";"Liten_bil";10;192339;223858;16,3872121618601;2017-10-01;"Fv 704 Torgårdsletta";85
"TORGR";"Liten_bil";11;186849;222078;18,8542619976559;2017-11-01;"Fv 704 Torgårdsletta";85
"TORGR";"Liten_bil";12;181178;189628;4,66392166819372;2017-12-01;"Fv 704 Torgårdsletta";85
"TUNGA";"Liten_bil";1;231527;235312;1,63479853321642;2017-01-01;"Tungasletta";62
"TUNGA";"Liten_bil";2;214476;214561;0,0396314739178338;2017-02-01;"Tungasletta";62
"TUNGA";"Liten_bil";3;214816;249638;16,2101519439893;2017-03-01;"Tungasletta";62
"TUNGA";"Liten_bil";4;249436;197523;-20,8121522153979;2017-04-01;"Tungasletta";62
"TUNGA";"Liten_bil";5;238765;236374;-1,00140305321131;2017-05-01;"Tungasletta";62
"TUNGA";"Liten_bil";6;242355;231269;-4,57428152916177;2017-06-01;"Tungasletta";62
"TUNGA";"Liten_bil";7;168665;163338;-3,15833160406723;2017-07-01;"Tungasletta";62
"TUNGA";"Liten_bil";8;236687;231429;-2,22149927963935;2017-08-01;"Tungasletta";62
"TUNGA";"Liten_bil";9;242718;229754;-5,34117782776721;2017-09-01;"Tungasletta";62
"TUNGA";"Liten_bil";10;248494;247364;-0,454739349843458;2017-10-01;"Tungasletta";62
"TUNGA";"Liten_bil";11;251101;245123;-2,38071532968805;2017-11-01;"Tungasletta";62
"TUNGA";"Liten_bil";12;234215;218120;-6,87189121106675;2017-12-01;"Tungasletta";62
"VÆRE-";"Liten_bil";1;251057;254706;1,45345479313463;2017-01-01;"Være (Gml. E6)";58
"VÆRE-";"Liten_bil";2;230173;230264;0,0395354798347292;2017-02-01;"Være (Gml. E6)";58
"VÆRE-";"Liten_bil";3;245447;277418;13,0256226395108;2017-03-01;"Være (Gml. E6)";58
"VÆRE-";"Liten_bil";4;274406;237770;-13,3510200214281;2017-04-01;"Være (Gml. E6)";58
"VÆRE-";"Liten_bil";5;282539;288386;2,06944881945501;2017-05-01;"Være (Gml. E6)";58
"VÆRE-";"Liten_bil";6;289400;292017;0,90428472702142;2017-06-01;"Være (Gml. E6)";58
"VÆRE-";"Liten_bil";7;223929;226305;1,0610506008601;2017-07-01;"Være (Gml. E6)";58
"VÆRE-";"Liten_bil";8;290542;286958;-1,23355659422734;2017-08-01;"Være (Gml. E6)";58
"VÆRE-";"Liten_bil";9;282644;285527;1,02001103862102;2017-09-01;"Være (Gml. E6)";58
"VÆRE-";"Liten_bil";10;278723;290983;4,39863233389421;2017-10-01;"Være (Gml. E6)";58
"VÆRE-";"Liten_bil";11;266967;283630;6,24159540317717;2017-11-01;"Være (Gml. E6)";58
"VÆRE-";"Liten_bil";12;260868;264251;1,29682444761334;2017-12-01;"Være (Gml. E6)";58
"BJØRN";"Liten_bil";1;263289;259692;-1,36617936943815;2018-01-01;"Bjørndalen (Oslovn.)";54
"BJØRN";"Liten_bil";2;243909;239540;-1,79124181559516;2018-02-01;"Bjørndalen (Oslovn.)";54
"BJØRN";"Liten_bil";3;288866;252985;-12,4213303054011;2018-03-01;"Bjørndalen (Oslovn.)";54
"BJØRN";"Liten_bil";4;246376;275245;11,7174562457382;2018-04-01;"Bjørndalen (Oslovn.)";54
"BJØRN";"Liten_bil";5;284338;284073;-0,0931989392905619;2018-05-01;"Bjørndalen (Oslovn.)";54
"BJØRN";"Liten_bil";6;286085;280672;-1,89209500672877;2018-06-01;"Bjørndalen (Oslovn.)";54
"BJØRN";"Liten_bil";7;227209;221862;-2,35333987650137;2018-07-01;"Bjørndalen (Oslovn.)";54
"BJØRN";"Liten_bil";8;285936;282858;-1,07646466342118;2018-08-01;"Bjørndalen (Oslovn.)";54
"BJØRN";"Liten_bil";9;280866;273118;-2,75861086781597;2018-09-01;"Bjørndalen (Oslovn.)";54
"BJØRN";"Liten_bil";10;295798;292752;-1,02975679348745;2018-10-01;"Bjørndalen (Oslovn.)";54
"BJØRN";"Liten_bil";11;272924;286787;5,07943603347452;2018-11-01;"Bjørndalen (Oslovn.)";54
"BJØRN";"Liten_bil";12;242799;259608;6,92301039131133;2018-12-01;"Bjørndalen (Oslovn.)";54
"BRATS";"Liten_bil";1;192293;200688;4,36573354204262;2018-01-01;"Bratsbergveien";65
"BRATS";"Liten_bil";2;178452;182698;2,37935131015623;2018-02-01;"Bratsbergveien";65
"BRATS";"Liten_bil";3;210912;187259;-11,2146297982097;2018-03-01;"Bratsbergveien";65
"BRATS";"Liten_bil";4;169643;205236;20,9811191737944;2018-04-01;"Bratsbergveien";65
"BRATS";"Liten_bil";5;200121;201526;0,702075244477096;2018-05-01;"Bratsbergveien";65
"BRATS";"Liten_bil";6;196119;204113;4,07609665560196;2018-06-01;"Bratsbergveien";65
"BRATS";"Liten_bil";7;144638;141043;-2,48551556299175;2018-07-01;"Bratsbergveien";65
"BRATS";"Liten_bil";8;198697;179545;-9,63879676089725;2018-08-01;"Bratsbergveien";65
"BRATS";"Liten_bil";9;191545;170072;-11,2104205278133;2018-09-01;"Bratsbergveien";65
"BRATS";"Liten_bil";10;208837;178742;-14,4107605453057;2018-10-01;"Bratsbergveien";65
"BRATS";"Liten_bil";11;217539;179095;-17,6722334845706;2018-11-01;"Bratsbergveien";65
"BRATS";"Liten_bil";12;183811;149997;-18,3960698761228;2018-12-01;"Bratsbergveien";65
"BYÅSV";"Liten_bil";1;298660;293373;-1,77024040715195;2018-01-01;"Byåsveien";68
"BYÅSV";"Liten_bil";2;271339;262104;-3,40349157327181;2018-02-01;"Byåsveien";68
"BYÅSV";"Liten_bil";3;319760;279583;-12,564736052039;2018-03-01;"Byåsveien";68
"BYÅSV";"Liten_bil";4;267835;292025;9,03167995220939;2018-04-01;"Byåsveien";68
"BYÅSV";"Liten_bil";5;317193;298841;-5,78575189238097;2018-05-01;"Byåsveien";68
"BYÅSV";"Liten_bil";6;298556;291403;-2,39586543228071;2018-06-01;"Byåsveien";68
"BYÅSV";"Liten_bil";7;223272;212272;-4,92672614568778;2018-07-01;"Byåsveien";68
"BYÅSV";"Liten_bil";8;296628;290489;-2,06959558773953;2018-08-01;"Byåsveien";68
"BYÅSV";"Liten_bil";9;299026;287848;-3,73813648311518;2018-09-01;"Byåsveien";68
"BYÅSV";"Liten_bil";10;304838;294632;-3,34800779430386;2018-10-01;"Byåsveien";68
"BYÅSV";"Liten_bil";11;315679;292779;-7,25420442918281;2018-11-01;"Byåsveien";68
"BYÅSV";"Liten_bil";12;311504;290329;-6,79766551954389;2018-12-01;"Byåsveien";68
"BØCKM";"Liten_bil";1;163453;161160;-1,40284974885747;2018-01-01;"Bøckmans veg";67
"BØCKM";"Liten_bil";2;146983;143712;-2,22542743038311;2018-02-01;"Bøckmans veg";67
"BØCKM";"Liten_bil";3;173129;150154;-13,2704515130336;2018-03-01;"Bøckmans veg";67
"BØCKM";"Liten_bil";4;142467;157606;10,6263204812342;2018-04-01;"Bøckmans veg";67
"BØCKM";"Liten_bil";5;168093;158912;-5,46185742416401;2018-05-01;"Bøckmans veg";67
"BØCKM";"Liten_bil";6;157367;155681;-1,07138091213532;2018-06-01;"Bøckmans veg";67
"BØCKM";"Liten_bil";7;117594;113410;-3,55800466010171;2018-07-01;"Bøckmans veg";67
"BØCKM";"Liten_bil";8;161458;154503;-4,30762179638048;2018-08-01;"Bøckmans veg";67
"BØCKM";"Liten_bil";9;160324;157295;-1,8892991691824;2018-09-01;"Bøckmans veg";67
"BØCKM";"Liten_bil";10;167754;165998;-1,04677086686458;2018-10-01;"Bøckmans veg";67
"BØCKM";"Liten_bil";11;158104;168029;6,27751353539443;2018-11-01;"Bøckmans veg";67
"BØCKM";"Liten_bil";12;145459;159054;9,34627627028923;2018-12-01;"Bøckmans veg";67
"GAMLE";"Liten_bil";1;113866;108265;-4,91893980643915;2018-01-01;"Gamle Oslovei";69
"GAMLE";"Liten_bil";2;105907;98717;-6,78897523298744;2018-02-01;"Gamle Oslovei";69
"GAMLE";"Liten_bil";3;121876;104387;-14,3498309757458;2018-03-01;"Gamle Oslovei";69
"GAMLE";"Liten_bil";4;100260;108854;8,57171354478357;2018-04-01;"Gamle Oslovei";69
"GAMLE";"Liten_bil";5;122404;117340;-4,13711970197053;2018-05-01;"Gamle Oslovei";69
"GAMLE";"Liten_bil";6;121449;114832;-5,4483775082545;2018-06-01;"Gamle Oslovei";69
"GAMLE";"Liten_bil";7;91518;88606;-3,18188771607771;2018-07-01;"Gamle Oslovei";69
"GAMLE";"Liten_bil";8;117788;119580;1,52137738988691;2018-08-01;"Gamle Oslovei";69
"GAMLE";"Liten_bil";9;117455;114082;-2,8717381124686;2018-09-01;"Gamle Oslovei";69
"GAMLE";"Liten_bil";10;115717;116999;1,10787524737075;2018-10-01;"Gamle Oslovei";69
"GAMLE";"Liten_bil";11;117085;113367;-3,17547081180339;2018-11-01;"Gamle Oslovei";69
"GAMLE";"Liten_bil";12;120363;116095;-3,54594019756902;2018-12-01;"Gamle Oslovei";69
"H-VII";"Liten_bil";1;332706;332019;-0,206488611566968;2018-01-01;"Haakon VII s gt ";60
"H-VII";"Liten_bil";2;305721;297448;-2,70606206312292;2018-02-01;"Haakon VII s gt ";60
"H-VII";"Liten_bil";3;359055;309850;-13,7040286307112;2018-03-01;"Haakon VII s gt ";60
"H-VII";"Liten_bil";4;306259;340945;11,3257079791941;2018-04-01;"Haakon VII s gt ";60
"H-VII";"Liten_bil";5;360446;341502;-5,25571098028553;2018-05-01;"Haakon VII s gt ";60
"H-VII";"Liten_bil";6;373548;372118;-0,382815595318409;2018-06-01;"Haakon VII s gt ";60
"H-VII";"Liten_bil";7;293473;278151;-5,22092321951253;2018-07-01;"Haakon VII s gt ";60
"H-VII";"Liten_bil";8;362600;351949;-2,93739658025373;2018-08-01;"Haakon VII s gt ";60
"H-VII";"Liten_bil";9;351712;333468;-5,18719861705032;2018-09-01;"Haakon VII s gt ";60
"H-VII";"Liten_bil";10;365127;356664;-2,31782366135619;2018-10-01;"Haakon VII s gt ";60
"H-VII";"Liten_bil";11;363687;346095;-4,8371264301446;2018-11-01;"Haakon VII s gt ";60
"H-VII";"Liten_bil";12;339453;328474;-3,23432109894448;2018-12-01;"Haakon VII s gt ";60
"KLETT";"Liten_bil";1;177515;169217;-4,67453454637636;2018-01-01;"Klett - Rv.707";51
"KLETT";"Liten_bil";2;151223;158626;4,89541934758602;2018-02-01;"Klett - Rv.707";51
"KLETT";"Liten_bil";3;145895;173919;19,2083347613009;2018-03-01;"Klett - Rv.707";51
"KLETT";"Liten_bil";4;170037;197424;16,1064944688509;2018-04-01;"Klett - Rv.707";51
"KLETT";"Liten_bil";5;204015;216749;6,24169791436904;2018-05-01;"Klett - Rv.707";51
"KLETT";"Liten_bil";6;207087;214211;3,44010005456643;2018-06-01;"Klett - Rv.707";51
"KLETT";"Liten_bil";7;175042;179593;2,59994744118555;2018-07-01;"Klett - Rv.707";51
"KLETT";"Liten_bil";8;213043;214935;0,888083626310188;2018-08-01;"Klett - Rv.707";51
"KLETT";"Liten_bil";9;200922;203316;1,19150715202914;2018-09-01;"Klett - Rv.707";51
"KLETT";"Liten_bil";10;203512;207294;1,85836707417744;2018-10-01;"Klett - Rv.707";51
"KLETT";"Liten_bil";11;208390;209341;0,456355871203029;2018-11-01;"Klett - Rv.707";51
"KLETT";"Liten_bil";12;169236;160814;-4,97648254508497;2018-12-01;"Klett - Rv.707";51
"KLETT-E6";"Liten_bil";1;544925;563010;3,31880534018443;2018-01-01;"Klett - E6";52
"KLETT-E6";"Liten_bil";2;556008;543855;-2,1857599171235;2018-02-01;"Klett - E6";52
"KLETT-E6";"Liten_bil";3;612946;595758;-2,80416219373322;2018-03-01;"Klett - E6";52
"KLETT-E6";"Liten_bil";4;604313;605477;0,192615416183339;2018-04-01;"Klett - E6";52
"KLETT-E6";"Liten_bil";5;679304;639484;-5,86188216174202;2018-05-01;"Klett - E6";52
"KLETT-E6";"Liten_bil";6;709175;665883;-6,10455811330066;2018-06-01;"Klett - E6";52
"KLETT-E6";"Liten_bil";7;710549;672452;-5,36162882503529;2018-07-01;"Klett - E6";52
"KLETT-E6";"Liten_bil";8;744091;703217;-5,49314532765481;2018-08-01;"Klett - E6";52
"KLETT-E6";"Liten_bil";9;660016;616881;-6,53544762551211;2018-09-01;"Klett - E6";52
"KLETT-E6";"Liten_bil";10;646659;621464;-3,89618021244582;2018-10-01;"Klett - E6";52
"KLETT-E6";"Liten_bil";11;561667;580327;3,32225322121471;2018-11-01;"Klett - E6";52
"KLETT-E6";"Liten_bil";12;584465;609104;4,21565021002113;2018-12-01;"Klett - E6";52
"KROP-";"Liten_bil";1;436762;425150;-2,6586562017758;2018-01-01;"Kroppan bru";56
"KROP-";"Liten_bil";2;414729;391318;-5,64489100111157;2018-02-01;"Kroppan bru";56
"KROP-";"Liten_bil";3;483416;411545;-14,8673192447085;2018-03-01;"Kroppan bru";56
"KROP-";"Liten_bil";4;409196;435178;6,34952443327892;2018-04-01;"Kroppan bru";56
"KROP-";"Liten_bil";5;472660;436165;-7,72119493927982;2018-05-01;"Kroppan bru";56
"KROP-";"Liten_bil";6;463066;434949;-6,07192063334384;2018-06-01;"Kroppan bru";56
"KROP-";"Liten_bil";7;367648;336049;-8,59490599704065;2018-07-01;"Kroppan bru";56
"KROP-";"Liten_bil";8;460989;452831;-1,76967346292428;2018-08-01;"Kroppan bru";56
"KROP-";"Liten_bil";9;453050;424744;-6,24787551042931;2018-09-01;"Kroppan bru";56
"KROP-";"Liten_bil";10;470661;446341;-5,16720102154204;2018-10-01;"Kroppan bru";56
"KROP-";"Liten_bil";11;470318;446755;-5,0100145008271;2018-11-01;"Kroppan bru";56
"KROP-";"Liten_bil";12;435029;407891;-6,23820480933455;2018-12-01;"Kroppan bru";56
"LANDB";"Liten_bil";1;144898;144949;0,0351971731838985;2018-01-01;"Landbruksvegen";61
"LANDB";"Liten_bil";2;135249;143152;5,84329643842099;2018-02-01;"Landbruksvegen";61
"LANDB";"Liten_bil";3;154675;147163;-4,85663487958623;2018-03-01;"Landbruksvegen";61
"LANDB";"Liten_bil";4;128085;164541;28,4623492212203;2018-04-01;"Landbruksvegen";61
"LANDB";"Liten_bil";5;142647;138999;-2,55736187932448;2018-05-01;"Landbruksvegen";61
"LANDB";"Liten_bil";6;154297;157005;1,75505680602992;2018-06-01;"Landbruksvegen";61
"LANDB";"Liten_bil";7;147008;136986;-6,81731606443187;2018-07-01;"Landbruksvegen";61
"LANDB";"Liten_bil";8;177848;187840;5,61828077909226;2018-08-01;"Landbruksvegen";61
"LANDB";"Liten_bil";9;151940;156726;3,14992760300119;2018-09-01;"Landbruksvegen";61
"LANDB";"Liten_bil";10;164620;167516;1,75920301299963;2018-10-01;"Landbruksvegen";61
"LANDB";"Liten_bil";11;165500;167263;1,06525679758309;2018-11-01;"Landbruksvegen";61
"LANDB";"Liten_bil";12;151857;154586;1,79708541588468;2018-12-01;"Landbruksvegen";61
"LEIRF";"Liten_bil";1;60503;61258;1,2478720063468;2018-01-01;"Nedre Leirfoss (Fossestuvegen)";53
"LEIRF";"Liten_bil";2;55991;55380;-1,09124680752264;2018-02-01;"Nedre Leirfoss (Fossestuvegen)";53
"LEIRF";"Liten_bil";3;66642;56460;-15,2786531016476;2018-03-01;"Nedre Leirfoss (Fossestuvegen)";53
"LEIRF";"Liten_bil";4;54218;65007;19,8992954369398;2018-04-01;"Nedre Leirfoss (Fossestuvegen)";53
"LEIRF";"Liten_bil";5;69654;69601;-0,0760903896402265;2018-05-01;"Nedre Leirfoss (Fossestuvegen)";53
"LEIRF";"Liten_bil";6;69314;66314;-4,32812995931557;2018-06-01;"Nedre Leirfoss (Fossestuvegen)";53
"LEIRF";"Liten_bil";7;47216;44967;-4,76321585903083;2018-07-01;"Nedre Leirfoss (Fossestuvegen)";53
"LEIRF";"Liten_bil";8;66216;67706;2,25021142926181;2018-08-01;"Nedre Leirfoss (Fossestuvegen)";53
"LEIRF";"Liten_bil";9;67005;62800;-6,27565107081561;2018-09-01;"Nedre Leirfoss (Fossestuvegen)";53
"LEIRF";"Liten_bil";10;68369;68234;-0,197457912211674;2018-10-01;"Nedre Leirfoss (Fossestuvegen)";53
"LEIRF";"Liten_bil";11;88303;64189;-27,3082454729737;2018-11-01;"Nedre Leirfoss (Fossestuvegen)";53
"LEIRF";"Liten_bil";12;72940;52985;-27,3581025500411;2018-12-01;"Nedre Leirfoss (Fossestuvegen)";53
"RANH-";"Liten_bil";1;477029;485642;1,80555060593801;2018-01-01;"Ranheim";72
"RANH-";"Liten_bil";2;464802;467779;0,640487777591314;2018-02-01;"Ranheim";72
"RANH-";"Liten_bil";3;524239;502871;-4,07600350221941;2018-03-01;"Ranheim";72
"RANH-";"Liten_bil";4;479341;520100;8,50313242555927;2018-04-01;"Ranheim";72
"RANH-";"Liten_bil";5;546376;532907;-2,46515220287861;2018-05-01;"Ranheim";72
"RANH-";"Liten_bil";6;592235;584602;-1,28884648830279;2018-06-01;"Ranheim";72
"RANH-";"Liten_bil";7;569290;534566;-6,09952748159989;2018-07-01;"Ranheim";72
"RANH-";"Liten_bil";8;621338;610178;-1,79612384885521;2018-08-01;"Ranheim";72
"RANH-";"Liten_bil";9;567889;561175;-1,18227329636601;2018-09-01;"Ranheim";72
"RANH-";"Liten_bil";10;570154;582895;2,23465940780911;2018-10-01;"Ranheim";72
"RANH-";"Liten_bil";11;533609;554097;3,83951545045156;2018-11-01;"Ranheim";72
"RANH-";"Liten_bil";12;485294;490746;1,12344269659217;2018-12-01;"Ranheim";72
"Rv706";"Liten_bil";1;665501;699321;5,08188567710641;2018-01-01;"Rv 706 Leangensletta";59
"Rv706";"Liten_bil";2;617547;636043;2,99507567845039;2018-02-01;"Rv 706 Leangensletta";59
"Rv706";"Liten_bil";3;724095;664725;-8,19920038116545;2018-03-01;"Rv 706 Leangensletta";59
"Rv706";"Liten_bil";4;609664;715144;17,3013331933655;2018-04-01;"Rv 706 Leangensletta";59
"Rv706";"Liten_bil";5;715497;723022;1,05171649916072;2018-05-01;"Rv 706 Leangensletta";59
"Rv706";"Liten_bil";6;706283;744804;5,45404604103454;2018-06-01;"Rv 706 Leangensletta";59
"Rv706";"Liten_bil";7;562864;568569;1,01356633218681;2018-07-01;"Rv 706 Leangensletta";59
"Rv706";"Liten_bil";8;718867;742227;3,24955798499584;2018-08-01;"Rv 706 Leangensletta";59
"Rv706";"Liten_bil";9;705405;702428;-0,422027062467656;2018-09-01;"Rv 706 Leangensletta";59
"Rv706";"Liten_bil";10;739096;753743;1,98174526719128;2018-10-01;"Rv 706 Leangensletta";59
"Rv706";"Liten_bil";11;758001;749015;-1,18548656268264;2018-11-01;"Rv 706 Leangensletta";59
"Rv706";"Liten_bil";12;720430;710899;-1,32295989894924;2018-12-01;"Rv 706 Leangensletta";59
"SLUPP";"Liten_bil";1;319382;307149;-3,83020959227508;2018-01-01;"Nord for Sluppen bru (Tempevn)";55
"SLUPP";"Liten_bil";2;293535;283229;-3,51099528165295;2018-02-01;"Nord for Sluppen bru (Tempevn)";55
"SLUPP";"Liten_bil";3;346902;297099;-14,3565041423803;2018-03-01;"Nord for Sluppen bru (Tempevn)";55
"SLUPP";"Liten_bil";4;285946;319598;11,7686556202919;2018-04-01;"Nord for Sluppen bru (Tempevn)";55
"SLUPP";"Liten_bil";5;339905;332969;-2,04057015930922;2018-05-01;"Nord for Sluppen bru (Tempevn)";55
"SLUPP";"Liten_bil";6;330888;321622;-2,80034331858514;2018-06-01;"Nord for Sluppen bru (Tempevn)";55
"SLUPP";"Liten_bil";7;255212;245058;-3,97865304139304;2018-07-01;"Nord for Sluppen bru (Tempevn)";55
"SLUPP";"Liten_bil";8;336295;310318;-7,7244681009233;2018-08-01;"Nord for Sluppen bru (Tempevn)";55
"SLUPP";"Liten_bil";9;332282;320147;-3,65201846624252;2018-09-01;"Nord for Sluppen bru (Tempevn)";55
"SLUPP";"Liten_bil";10;347548;340604;-1,99799739892044;2018-10-01;"Nord for Sluppen bru (Tempevn)";55
"SLUPP";"Liten_bil";11;237137;333343;40,5697972058346;2018-11-01;"Nord for Sluppen bru (Tempevn)";55
"SLUPP";"Liten_bil";12;213495;303884;42,3377596665027;2018-12-01;"Nord for Sluppen bru (Tempevn)";55
"TEMPE";"Liten_bil";1;103771;99778;-3,84789584758748;2018-01-01;"Tempeveien";66
"TEMPE";"Liten_bil";2;96939;90630;-6,50821650728809;2018-02-01;"Tempeveien";66
"TEMPE";"Liten_bil";3;114796;94824;-17,3978187393289;2018-03-01;"Tempeveien";66
"TEMPE";"Liten_bil";4;92706;105203;13,4802493905465;2018-04-01;"Tempeveien";66
"TEMPE";"Liten_bil";5;110646;106677;-3,58711566617862;2018-05-01;"Tempeveien";66
"TEMPE";"Liten_bil";6;104367;100782;-3,4349938198856;2018-06-01;"Tempeveien";66
"TEMPE";"Liten_bil";7;74702;72056;-3,54207384005782;2018-07-01;"Tempeveien";66
"TEMPE";"Liten_bil";8;104646;104689;0,0410909160407424;2018-08-01;"Tempeveien";66
"TEMPE";"Liten_bil";9;103818;107425;3,47434934211794;2018-09-01;"Tempeveien";66
"TEMPE";"Liten_bil";10;115778;117136;1,17293440895507;2018-10-01;"Tempeveien";66
"TEMPE";"Liten_bil";11;93135;114239;22,6595801793096;2018-11-01;"Tempeveien";66
"TEMPE";"Liten_bil";12;77685;95020;22,3144751238978;2018-12-01;"Tempeveien";66
"THBRA";"Liten_bil";1;401222;369901;-7,80640144358983;2018-01-01;"Thorbjørn Bratts veg";64
"THBRA";"Liten_bil";2;368422;338189;-8,20607889865426;2018-02-01;"Thorbjørn Bratts veg";64
"THBRA";"Liten_bil";3;430478;352418;-18,1333308554676;2018-03-01;"Thorbjørn Bratts veg";64
"THBRA";"Liten_bil";4;355997;378633;6,35848054899339;2018-04-01;"Thorbjørn Bratts veg";64
"THBRA";"Liten_bil";5;414945;374232;-9,81166178650182;2018-05-01;"Thorbjørn Bratts veg";64
"THBRA";"Liten_bil";6;398472;368097;-7,62286936095886;2018-06-01;"Thorbjørn Bratts veg";64
"THBRA";"Liten_bil";7;290562;270542;-6,89009574548634;2018-07-01;"Thorbjørn Bratts veg";64
"THBRA";"Liten_bil";8;397670;394780;-0,726733221012399;2018-08-01;"Thorbjørn Bratts veg";64
"THBRA";"Liten_bil";9;381521;381729;0,0545186241386553;2018-09-01;"Thorbjørn Bratts veg";64
"THBRA";"Liten_bil";10;396507;403187;1,68471174531597;2018-10-01;"Thorbjørn Bratts veg";64
"THBRA";"Liten_bil";11;391200;409727;4,73594069529653;2018-11-01;"Thorbjørn Bratts veg";64
"THBRA";"Liten_bil";12;354522;363372;2,49631898725609;2018-12-01;"Thorbjørn Bratts veg";64
"TILLB";"Liten_bil";1;19882;52758;165,355598028367;2018-01-01;"Tillerbrua";86
"TILLB";"Liten_bil";2;8993;50961;466,674079839876;2018-02-01;"Tillerbrua";86
"TILLB";"Liten_bil";3;9757;56593;480,02459772471;2018-03-01;"Tillerbrua";86
"TILLB";"Liten_bil";4;8352;70395;742,852011494253;2018-04-01;"Tillerbrua";86
"TILLB";"Liten_bil";5;11107;74954;574,835689205006;2018-05-01;"Tillerbrua";86
"TILLB";"Liten_bil";6;59319;94582;59,4463831150222;2018-06-01;"Tillerbrua";86
"TILLB";"Liten_bil";7;134152;124872;-6,91752638797781;2018-07-01;"Tillerbrua";86
"TILLB";"Liten_bil";8;88895;104588;17,6534113279712;2018-08-01;"Tillerbrua";86
"TILLB";"Liten_bil";9;43299;69146;59,6942192660339;2018-09-01;"Tillerbrua";86
"TILLB";"Liten_bil";10;46372;63053;35,9721383593548;2018-10-01;"Tillerbrua";86
"TILLB";"Liten_bil";11;40866;58451;43,0308814173151;2018-11-01;"Tillerbrua";86
"TILLB";"Liten_bil";12;45867;43908;-4,27104454182746;2018-12-01;"Tillerbrua";86
"TORGR";"Liten_bil";1;208369;188379;-9,5935575829418;2018-01-01;"Fv 704 Torgårdsletta";85
"TORGR";"Liten_bil";2;196457;169425;-13,7597540428694;2018-02-01;"Fv 704 Torgårdsletta";85
"TORGR";"Liten_bil";3;231633;170158;-26,5398280901253;2018-03-01;"Fv 704 Torgårdsletta";85
"TORGR";"Liten_bil";4;191470;183084;-4,37979840183841;2018-04-01;"Fv 704 Torgårdsletta";85
"TORGR";"Liten_bil";5;229633;185053;-19,4135860263986;2018-05-01;"Fv 704 Torgårdsletta";85
"TORGR";"Liten_bil";6;191253;166044;-13,1809697102791;2018-06-01;"Fv 704 Torgårdsletta";85
"TORGR";"Liten_bil";7;52751;61226;16,0660461413054;2018-07-01;"Fv 704 Torgårdsletta";85
"TORGR";"Liten_bil";8;162212;156061;-3,7919512736419;2018-08-01;"Fv 704 Torgårdsletta";85
"TORGR";"Liten_bil";9;219224;188761;-13,8958325730759;2018-09-01;"Fv 704 Torgårdsletta";85
"TORGR";"Liten_bil";10;223858;205458;-8,21949628782532;2018-10-01;"Fv 704 Torgårdsletta";85
"TORGR";"Liten_bil";11;222078;193956;-12,6631183638181;2018-11-01;"Fv 704 Torgårdsletta";85
"TORGR";"Liten_bil";12;189628;171743;-9,43162402176894;2018-12-01;"Fv 704 Torgårdsletta";85
"TUNGA";"Liten_bil";1;235312;234205;-0,47043924661726;2018-01-01;"Tungasletta";62
"TUNGA";"Liten_bil";2;214561;229706;7,05859872017749;2018-02-01;"Tungasletta";62
"TUNGA";"Liten_bil";3;249638;225525;-9,65918650205497;2018-03-01;"Tungasletta";62
"TUNGA";"Liten_bil";4;197523;262748;33,0214709173109;2018-04-01;"Tungasletta";62
"TUNGA";"Liten_bil";5;236374;229669;-2,83660639495038;2018-05-01;"Tungasletta";62
"TUNGA";"Liten_bil";6;231269;228778;-1,07710069226744;2018-06-01;"Tungasletta";62
"TUNGA";"Liten_bil";9;229754;231409;0,720335663361693;2018-09-01;"Tungasletta";62
"TUNGA";"Liten_bil";10;247364;244516;-1,1513397260717;2018-10-01;"Tungasletta";62
"TUNGA";"Liten_bil";11;245123;242817;-0,940752193796579;2018-11-01;"Tungasletta";62
"TUNGA";"Liten_bil";12;218120;216551;-0,719328809829456;2018-12-01;"Tungasletta";62
"VÆRE-";"Liten_bil";1;254706;263405;3,4153102007805;2018-01-01;"Være (Gml. E6)";58
"VÆRE-";"Liten_bil";2;230264;234310;1,75711357398465;2018-02-01;"Være (Gml. E6)";58
"VÆRE-";"Liten_bil";3;277418;248865;-10,292410730378;2018-03-01;"Være (Gml. E6)";58
"VÆRE-";"Liten_bil";4;237770;279106;17,3848677293182;2018-04-01;"Være (Gml. E6)";58
"VÆRE-";"Liten_bil";5;288386;293310;1,70743378666094;2018-05-01;"Være (Gml. E6)";58
"VÆRE-";"Liten_bil";6;292017;284966;-2,41458545221682;2018-06-01;"Være (Gml. E6)";58
"VÆRE-";"Liten_bil";7;226305;231111;2,12368264068403;2018-07-01;"Være (Gml. E6)";58
"VÆRE-";"Liten_bil";8;286958;282144;-1,67759741843754;2018-08-01;"Være (Gml. E6)";58
"VÆRE-";"Liten_bil";9;285527;271930;-4,76207153789309;2018-09-01;"Være (Gml. E6)";58
"VÆRE-";"Liten_bil";10;290983;279274;-4,02394641611366;2018-10-01;"Være (Gml. E6)";58
"VÆRE-";"Liten_bil";11;283630;267062;-5,84141310862744;2018-11-01;"Være (Gml. E6)";58
"VÆRE-";"Liten_bil";12;264251;253602;-4,02988068162466;2018-12-01;"Være (Gml. E6)";58
"BJØRN";"Liten_bil";1;259692;267181;2,88380081019053;2019-01-01;"Bjørndalen (Oslovn.)";54
"BJØRN";"Liten_bil";2;239540;248880;3,89914001836853;2019-02-01;"Bjørndalen (Oslovn.)";54
"BJØRN";"Liten_bil";3;252985;283751;12,1611953277862;2019-03-01;"Bjørndalen (Oslovn.)";54
"BJØRN";"Liten_bil";4;275245;263632;-4,21915021162964;2019-04-01;"Bjørndalen (Oslovn.)";54
"BJØRN";"Liten_bil";5;284073;299331;5,37115459758584;2019-05-01;"Bjørndalen (Oslovn.)";54
"BJØRN";"Liten_bil";6;280672;293922;4,72081290616806;2019-06-01;"Bjørndalen (Oslovn.)";54
"BJØRN";"Liten_bil";7;221862;246082;10,9166959641579;2019-07-01;"Bjørndalen (Oslovn.)";54
"BJØRN";"Liten_bil";8;282858;303179;7,18417014897934;2019-08-01;"Bjørndalen (Oslovn.)";54
"BJØRN";"Liten_bil";9;273118;297219;8,82439092260487;2019-09-01;"Bjørndalen (Oslovn.)";54
"BJØRN";"Liten_bil";10;292752;310135;5,9377903481445;2019-10-01;"Bjørndalen (Oslovn.)";54
"BJØRN";"Liten_bil";11;286787;292086;1,84771276243345;2019-11-01;"Bjørndalen (Oslovn.)";54
"BJØRN";"Liten_bil";12;259608;265393;2,22835968074944;2019-12-01;"Bjørndalen (Oslovn.)";54
"BRATS";"Liten_bil";1;200688;171881;-14,354121820936;2019-01-01;"Bratsbergveien";65
"BRATS";"Liten_bil";2;182698;159408;-12,7478133312899;2019-02-01;"Bratsbergveien";65
"BRATS";"Liten_bil";3;187259;185587;-0,892880983023514;2019-03-01;"Bratsbergveien";65
"BRATS";"Liten_bil";4;205236;159443;-22,3123623535832;2019-04-01;"Bratsbergveien";65
"BRATS";"Liten_bil";5;201526;183860;-8,76611454601391;2019-05-01;"Bratsbergveien";65
"BRATS";"Liten_bil";6;204113;171875;-15,7941924326231;2019-06-01;"Bratsbergveien";65
"BRATS";"Liten_bil";7;141043;120686;-14,4331870422495;2019-07-01;"Bratsbergveien";65
"BRATS";"Liten_bil";8;179545;148578;-17,247486702498;2019-08-01;"Bratsbergveien";65
"BRATS";"Liten_bil";9;170072;161614;-4,97318782633238;2019-09-01;"Bratsbergveien";65
"BRATS";"Liten_bil";10;178742;174451;-2,40066688299336;2019-10-01;"Bratsbergveien";65
"BRATS";"Liten_bil";11;179095;171478;-4,2530500572322;2019-11-01;"Bratsbergveien";65
"BRATS";"Liten_bil";12;149997;152207;1,47336280058934;2019-12-01;"Bratsbergveien";65
"BYÅSV";"Liten_bil";1;293373;273082;-6,91645107082111;2019-01-01;"Byåsveien";68
"BYÅSV";"Liten_bil";2;262104;244719;-6,63286329090743;2019-02-01;"Byåsveien";68
"BYÅSV";"Liten_bil";3;279583;287736;2,9161286630446;2019-03-01;"Byåsveien";68
"BYÅSV";"Liten_bil";4;292025;252826;-13,4231658248438;2019-04-01;"Byåsveien";68
"BYÅSV";"Liten_bil";5;298841;293124;-1,91305744526353;2019-05-01;"Byåsveien";68
"BYÅSV";"Liten_bil";6;291403;269798;-7,41413094580358;2019-06-01;"Byåsveien";68
"BYÅSV";"Liten_bil";7;212272;209445;-1,33178186477727;2019-07-01;"Byåsveien";68
"BYÅSV";"Liten_bil";8;290489;257730;-11,2771912189446;2019-08-01;"Byåsveien";68
"BYÅSV";"Liten_bil";9;287848;278291;-3,32015508184875;2019-09-01;"Byåsveien";68
"BYÅSV";"Liten_bil";10;294632;286010;-2,92636237747427;2019-10-01;"Byåsveien";68
"BYÅSV";"Liten_bil";11;292779;284900;-2,69110831036379;2019-11-01;"Byåsveien";68
"BYÅSV";"Liten_bil";12;290329;284917;-1,86409211618543;2019-12-01;"Byåsveien";68
"BØCKM";"Liten_bil";1;161160;161991;0,515636634400596;2019-01-01;"Bøckmans veg";67
"BØCKM";"Liten_bil";2;143712;142196;-1,05488755288354;2019-02-01;"Bøckmans veg";67
"BØCKM";"Liten_bil";3;150154;166478;10,8715052546053;2019-03-01;"Bøckmans veg";67
"BØCKM";"Liten_bil";4;157606;144834;-8,10375239521338;2019-04-01;"Bøckmans veg";67
"BØCKM";"Liten_bil";5;158912;169004;6,35068465565847;2019-05-01;"Bøckmans veg";67
"BØCKM";"Liten_bil";6;155681;158325;1,6983446920305;2019-06-01;"Bøckmans veg";67
"BØCKM";"Liten_bil";7;113410;123639;9,01948681774094;2019-07-01;"Bøckmans veg";67
"BØCKM";"Liten_bil";8;154503;148167;-4,1008912448302;2019-08-01;"Bøckmans veg";67
"BØCKM";"Liten_bil";9;157295;161292;2,54108522203502;2019-09-01;"Bøckmans veg";67
"BØCKM";"Liten_bil";10;165998;170138;2,49400595187894;2019-10-01;"Bøckmans veg";67
"BØCKM";"Liten_bil";11;168029;166279;-1,04148688619227;2019-11-01;"Bøckmans veg";67
"BØCKM";"Liten_bil";12;159054;160958;1,1970777220315;2019-12-01;"Bøckmans veg";67
"GAMLE";"Liten_bil";1;108265;104935;-3,07578626518266;2019-01-01;"Gamle Oslovei";69
"GAMLE";"Liten_bil";2;98717;94401;-4,37209396557837;2019-02-01;"Gamle Oslovei";69
"GAMLE";"Liten_bil";3;104387;109302;4,70844070621821;2019-03-01;"Gamle Oslovei";69
"GAMLE";"Liten_bil";4;108854;100800;-7,3989012806144;2019-04-01;"Gamle Oslovei";69
"GAMLE";"Liten_bil";5;117340;117476;0,115902505539456;2019-05-01;"Gamle Oslovei";69
"GAMLE";"Liten_bil";6;114832;113059;-1,54399470530863;2019-06-01;"Gamle Oslovei";69
"GAMLE";"Liten_bil";7;88606;88875;0,303591178926932;2019-07-01;"Gamle Oslovei";69
"GAMLE";"Liten_bil";8;119580;109013;-8,83676200033451;2019-08-01;"Gamle Oslovei";69
"GAMLE";"Liten_bil";9;114082;110217;-3,38791395662769;2019-09-01;"Gamle Oslovei";69
"GAMLE";"Liten_bil";10;116999;113497;-2,99318797596561;2019-10-01;"Gamle Oslovei";69
"GAMLE";"Liten_bil";11;113367;107265;-5,38251872237953;2019-11-01;"Gamle Oslovei";69
"GAMLE";"Liten_bil";12;116095;109879;-5,35423575520049;2019-12-01;"Gamle Oslovei";69
"H-VII";"Liten_bil";1;332019;326197;-1,75351410612044;2019-01-01;"Haakon VII s gt ";60
"H-VII";"Liten_bil";2;297448;300844;1,14171216481536;2019-02-01;"Haakon VII s gt ";60
"H-VII";"Liten_bil";3;309850;337404;8,89269001129578;2019-03-01;"Haakon VII s gt ";60
"H-VII";"Liten_bil";4;340945;318573;-6,56176216105236;2019-04-01;"Haakon VII s gt ";60
"H-VII";"Liten_bil";5;341502;354297;3,7466837675914;2019-05-01;"Haakon VII s gt ";60
"H-VII";"Liten_bil";6;372118;361563;-2,83646585222966;2019-06-01;"Haakon VII s gt ";60
"H-VII";"Liten_bil";7;278151;293234;5,42259420242961;2019-07-01;"Haakon VII s gt ";60
"H-VII";"Liten_bil";8;351949;339875;-3,43061068507085;2019-08-01;"Haakon VII s gt ";60
"H-VII";"Liten_bil";9;333468;349745;4,88112802427818;2019-09-01;"Haakon VII s gt ";60
"H-VII";"Liten_bil";10;356664;369220;3,52040015252451;2019-10-01;"Haakon VII s gt ";60
"H-VII";"Liten_bil";11;346095;357121;3,18583048007051;2019-11-01;"Haakon VII s gt ";60
"H-VII";"Liten_bil";12;328474;330749;0,692596674318202;2019-12-01;"Haakon VII s gt ";60
"KLETT";"Liten_bil";1;169217;150121;-11,2849181819794;2019-01-01;"Klett - Rv.707";51
"KLETT";"Liten_bil";2;158626;141151;-11,0164790135287;2019-02-01;"Klett - Rv.707";51
"KLETT";"Liten_bil";3;173919;160968;-7,44656995497904;2019-03-01;"Klett - Rv.707";51
"KLETT";"Liten_bil";4;197424;166008;-15,9129589107707;2019-04-01;"Klett - Rv.707";51
"KLETT";"Liten_bil";5;216749;185092;-14,6053730351697;2019-05-01;"Klett - Rv.707";51
"KLETT";"Liten_bil";6;214211;181657;-15,1971654116735;2019-06-01;"Klett - Rv.707";51
"KLETT";"Liten_bil";7;179593;156416;-12,9052914089079;2019-07-01;"Klett - Rv.707";51
"KLETT";"Liten_bil";8;214935;182620;-15,0347779561263;2019-08-01;"Klett - Rv.707";51
"KLETT";"Liten_bil";9;203316;178505;-12,2031714178914;2019-09-01;"Klett - Rv.707";51
"KLETT";"Liten_bil";10;207294;180306;-13,0191901357492;2019-10-01;"Klett - Rv.707";51
"KLETT";"Liten_bil";11;209341;163859;-21,726274356194;2019-11-01;"Klett - Rv.707";51
"KLETT";"Liten_bil";12;160814;153565;-4,50769211635803;2019-12-01;"Klett - Rv.707";51
"KLETT-E6";"Liten_bil";1;563010;568386;0,954867586721364;2019-01-01;"Klett - E6";52
"KLETT-E6";"Liten_bil";2;543855;542504;-0,248411800939585;2019-02-01;"Klett - E6";52
"KLETT-E6";"Liten_bil";3;595758;621505;4,32172123580381;2019-03-01;"Klett - E6";52
"KLETT-E6";"Liten_bil";4;605477;666145;10,0198686324997;2019-04-01;"Klett - E6";52
"KLETT-E6";"Liten_bil";5;639484;754590;17,9998248587924;2019-05-01;"Klett - E6";52
"KLETT-E6";"Liten_bil";6;665883;827655;24,29435801785;2019-06-01;"Klett - E6";52
"KLETT-E6";"Liten_bil";7;672452;788457;17,2510454277777;2019-07-01;"Klett - E6";52
"KLETT-E6";"Liten_bil";8;703217;797899;13,4641227387848;2019-08-01;"Klett - E6";52
"KLETT-E6";"Liten_bil";9;616881;799981;29,6815755388803;2019-09-01;"Klett - E6";52
"KLETT-E6";"Liten_bil";10;621464;806667;29,8010826049457;2019-10-01;"Klett - E6";52
"KLETT-E6";"Liten_bil";11;580327;731236;26,0041321530792;2019-11-01;"Klett - E6";52
"KLETT-E6";"Liten_bil";12;609104;684511;12,3799876539967;2019-12-01;"Klett - E6";52
"KROP-";"Liten_bil";1;425150;417994;-1,68317064565447;2019-01-01;"Kroppan bru";56
"KROP-";"Liten_bil";2;391318;385186;-1,56701199535927;2019-02-01;"Kroppan bru";56
"KROP-";"Liten_bil";3;411545;443602;7,78942764460751;2019-03-01;"Kroppan bru";56
"KROP-";"Liten_bil";4;435178;398652;-8,39334709015621;2019-04-01;"Kroppan bru";56
"KROP-";"Liten_bil";5;436165;446472;2,36309653456834;2019-05-01;"Kroppan bru";56
"KROP-";"Liten_bil";6;434949;436487;0,353604675490682;2019-06-01;"Kroppan bru";56
"KROP-";"Liten_bil";7;336049;358468;6,6713485235784;2019-07-01;"Kroppan bru";56
"KROP-";"Liten_bil";8;452831;429549;-5,14143245493351;2019-08-01;"Kroppan bru";56
"KROP-";"Liten_bil";9;424744;413241;-2,70821953929896;2019-09-01;"Kroppan bru";56
"KROP-";"Liten_bil";10;446341;447924;0,354661570413661;2019-10-01;"Kroppan bru";56
"KROP-";"Liten_bil";11;446755;450462;0,829761278553121;2019-11-01;"Kroppan bru";56
"KROP-";"Liten_bil";12;407891;421573;3,35432750416165;2019-12-01;"Kroppan bru";56
"LANDB";"Liten_bil";1;144949;145185;0,162815886967138;2019-01-01;"Landbruksvegen";61
"LANDB";"Liten_bil";2;143152;134526;-6,02576282552811;2019-02-01;"Landbruksvegen";61
"LANDB";"Liten_bil";3;147163;150178;2,04874866644469;2019-03-01;"Landbruksvegen";61
"LANDB";"Liten_bil";4;164541;128275;-22,0407071793656;2019-04-01;"Landbruksvegen";61
"LANDB";"Liten_bil";5;138999;146365;5,29931870013454;2019-05-01;"Landbruksvegen";61
"LANDB";"Liten_bil";6;157005;151416;-3,5597592433362;2019-06-01;"Landbruksvegen";61
"LANDB";"Liten_bil";7;136986;145580;6,27363380199437;2019-07-01;"Landbruksvegen";61
"LANDB";"Liten_bil";8;187840;165924;-11,6673764906303;2019-08-01;"Landbruksvegen";61
"LANDB";"Liten_bil";9;156726;172211;9,88030065209347;2019-09-01;"Landbruksvegen";61
"LANDB";"Liten_bil";10;167516;168613;0,654862819074009;2019-10-01;"Landbruksvegen";61
"LANDB";"Liten_bil";11;167263;168678;0,845973108218789;2019-11-01;"Landbruksvegen";61
"LANDB";"Liten_bil";12;154586;149507;-3,28554979105482;2019-12-01;"Landbruksvegen";61
"LEIRF";"Liten_bil";1;61258;58475;-4,54308008749877;2019-01-01;"Nedre Leirfoss (Fossestuvegen)";53
"LEIRF";"Liten_bil";2;55380;51126;-7,68147345612135;2019-02-01;"Nedre Leirfoss (Fossestuvegen)";53
"LEIRF";"Liten_bil";3;56460;58650;3,8788522848034;2019-03-01;"Nedre Leirfoss (Fossestuvegen)";53
"LEIRF";"Liten_bil";4;65007;55681;-14,346147337979;2019-04-01;"Nedre Leirfoss (Fossestuvegen)";53
"LEIRF";"Liten_bil";5;69601;63666;-8,52717633367337;2019-05-01;"Nedre Leirfoss (Fossestuvegen)";53
"LEIRF";"Liten_bil";6;66314;58285;-12,1075489338601;2019-06-01;"Nedre Leirfoss (Fossestuvegen)";53
"LEIRF";"Liten_bil";7;44967;42108;-6,35799586363333;2019-07-01;"Nedre Leirfoss (Fossestuvegen)";53
"LEIRF";"Liten_bil";8;67706;61319;-9,43343278291436;2019-08-01;"Nedre Leirfoss (Fossestuvegen)";53
"LEIRF";"Liten_bil";9;62800;64593;2,85509554140126;2019-09-01;"Nedre Leirfoss (Fossestuvegen)";53
"LEIRF";"Liten_bil";10;68234;68766;0,779669959257845;2019-10-01;"Nedre Leirfoss (Fossestuvegen)";53
"LEIRF";"Liten_bil";11;64189;62824;-2,12653258346446;2019-11-01;"Nedre Leirfoss (Fossestuvegen)";53
"LEIRF";"Liten_bil";12;52985;52517;-0,883268849674435;2019-12-01;"Nedre Leirfoss (Fossestuvegen)";53
"RANH-";"Liten_bil";1;485642;490039;0,905399450624111;2019-01-01;"Ranheim";72
"RANH-";"Liten_bil";2;467779;477737;2,12878303643387;2019-02-01;"Ranheim";72
"RANH-";"Liten_bil";3;502871;536402;6,66791284444719;2019-03-01;"Ranheim";72
"RANH-";"Liten_bil";4;520100;505827;-2,7442799461642;2019-04-01;"Ranheim";72
"RANH-";"Liten_bil";5;532907;560593;5,19527797533152;2019-05-01;"Ranheim";72
"RANH-";"Liten_bil";6;584602;607272;3,87785194029442;2019-06-01;"Ranheim";72
"RANH-";"Liten_bil";7;534566;580958;8,67844195104066;2019-07-01;"Ranheim";72
"RANH-";"Liten_bil";8;610178;625932;2,581869552819;2019-08-01;"Ranheim";72
"RANH-";"Liten_bil";9;561175;593421;5,74615761571702;2019-09-01;"Ranheim";72
"RANH-";"Liten_bil";10;582895;605258;3,8365400286501;2019-10-01;"Ranheim";72
"RANH-";"Liten_bil";11;554097;555709;0,29092379132174;2019-11-01;"Ranheim";72
"RANH-";"Liten_bil";12;490746;503844;2,66899781149514;2019-12-01;"Ranheim";72
"Rv706";"Liten_bil";1;699321;702881;0,509065221836602;2019-01-01;"Rv 706 Leangensletta";59
"Rv706";"Liten_bil";2;636043;642358;0,99285740115056;2019-02-01;"Rv 706 Leangensletta";59
"Rv706";"Liten_bil";3;664725;740896;11,45902440859;2019-03-01;"Rv 706 Leangensletta";59
"Rv706";"Liten_bil";4;715144;657887;-8,00635955835468;2019-04-01;"Rv 706 Leangensletta";59
"Rv706";"Liten_bil";5;723022;755917;4,5496540907469;2019-05-01;"Rv 706 Leangensletta";59
"Rv706";"Liten_bil";6;744804;739921;-0,655608723905887;2019-06-01;"Rv 706 Leangensletta";59
"Rv706";"Liten_bil";7;568569;598876;5,33039965246083;2019-07-01;"Rv 706 Leangensletta";59
"Rv706";"Liten_bil";8;742227;703351;-5,23775071507773;2019-08-01;"Rv 706 Leangensletta";59
"Rv706";"Liten_bil";9;702428;728548;3,71853058249387;2019-09-01;"Rv 706 Leangensletta";59
"Rv706";"Liten_bil";10;753743;769498;2,09023500052405;2019-10-01;"Rv 706 Leangensletta";59
"Rv706";"Liten_bil";11;749015;750987;0,263279106559944;2019-11-01;"Rv 706 Leangensletta";59
"Rv706";"Liten_bil";12;710899;713202;0,323956005002124;2019-12-01;"Rv 706 Leangensletta";59
"SLUPP";"Liten_bil";1;307149;308437;0,419340450400285;2019-01-01;"Nord for Sluppen bru (Tempevn)";55
"SLUPP";"Liten_bil";2;283229;284141;0,322000925046506;2019-02-01;"Nord for Sluppen bru (Tempevn)";55
"SLUPP";"Liten_bil";3;297099;326607;9,93204285440208;2019-03-01;"Nord for Sluppen bru (Tempevn)";55
"SLUPP";"Liten_bil";4;319598;293252;-8,24348087284651;2019-04-01;"Nord for Sluppen bru (Tempevn)";55
"SLUPP";"Liten_bil";5;332969;338863;1,77013475728971;2019-05-01;"Nord for Sluppen bru (Tempevn)";55
"SLUPP";"Liten_bil";6;321622;324738;0,968839196323645;2019-06-01;"Nord for Sluppen bru (Tempevn)";55
"SLUPP";"Liten_bil";7;245058;258745;5,58520839964416;2019-07-01;"Nord for Sluppen bru (Tempevn)";55
"SLUPP";"Liten_bil";8;310318;332735;7,22388001985061;2019-08-01;"Nord for Sluppen bru (Tempevn)";55
"SLUPP";"Liten_bil";9;320147;333954;4,31270635052023;2019-09-01;"Nord for Sluppen bru (Tempevn)";55
"SLUPP";"Liten_bil";10;340604;350937;3,03372831792932;2019-10-01;"Nord for Sluppen bru (Tempevn)";55
"SLUPP";"Liten_bil";11;333343;332695;-0,194394362563488;2019-11-01;"Nord for Sluppen bru (Tempevn)";55
"SLUPP";"Liten_bil";12;303884;307770;1,27877742822919;2019-12-01;"Nord for Sluppen bru (Tempevn)";55
"TEMPE";"Liten_bil";1;99778;103400;3,63005873038145;2019-01-01;"Tempeveien";66
"TEMPE";"Liten_bil";2;90630;94067;3,79234249144875;2019-02-01;"Tempeveien";66
"TEMPE";"Liten_bil";3;94824;107116;12,962962962963;2019-03-01;"Tempeveien";66
"TEMPE";"Liten_bil";4;105203;84113;-20,0469568358317;2019-04-01;"Tempeveien";66
"TEMPE";"Liten_bil";5;106677;110903;3,96149123053704;2019-05-01;"Tempeveien";66
"TEMPE";"Liten_bil";6;100782;102207;1,41394296600583;2019-06-01;"Tempeveien";66
"TEMPE";"Liten_bil";7;72056;76920;6,75030531808594;2019-07-01;"Tempeveien";66
"TEMPE";"Liten_bil";8;104689;95225;-9,04010927604619;2019-08-01;"Tempeveien";66
"TEMPE";"Liten_bil";9;107425;105673;-1,63090528275541;2019-09-01;"Tempeveien";66
"TEMPE";"Liten_bil";10;117136;115971;-0,994570413877882;2019-10-01;"Tempeveien";66
"TEMPE";"Liten_bil";11;114239;106529;-6,74900865728867;2019-11-01;"Tempeveien";66
"TEMPE";"Liten_bil";12;95020;92907;-2,22374237002736;2019-12-01;"Tempeveien";66
"THBRA";"Liten_bil";1;369901;383422;3,65530236468676;2019-01-01;"Thorbjørn Bratts veg";64
"THBRA";"Liten_bil";2;338189;354234;4,74438849282501;2019-02-01;"Thorbjørn Bratts veg";64
"THBRA";"Liten_bil";3;352418;404887;14,8882860693835;2019-03-01;"Thorbjørn Bratts veg";64
"THBRA";"Liten_bil";4;378633;355386;-6,13971840806269;2019-04-01;"Thorbjørn Bratts veg";64
"THBRA";"Liten_bil";5;374232;406355;8,58371277710084;2019-05-01;"Thorbjørn Bratts veg";64
"THBRA";"Liten_bil";6;368097;386545;5,0117224535924;2019-06-01;"Thorbjørn Bratts veg";64
"THBRA";"Liten_bil";7;270542;303188;12,0668879508542;2019-07-01;"Thorbjørn Bratts veg";64
"THBRA";"Liten_bil";8;394780;396842;0,522316226759201;2019-08-01;"Thorbjørn Bratts veg";64
"THBRA";"Liten_bil";9;381729;422729;10,7406039363004;2019-09-01;"Thorbjørn Bratts veg";64
"THBRA";"Liten_bil";10;403187;426352;5,74547294431615;2019-10-01;"Thorbjørn Bratts veg";64
"THBRA";"Liten_bil";11;409727;406341;-0,826403922611885;2019-11-01;"Thorbjørn Bratts veg";64
"THBRA";"Liten_bil";12;363372;369603;1,71477163898155;2019-12-01;"Thorbjørn Bratts veg";64
"TILLB";"Liten_bil";1;52758;40084;-24,0228970014026;2019-01-01;"Tillerbrua";86
"TILLB";"Liten_bil";2;50961;35545;-30,2505837797531;2019-02-01;"Tillerbrua";86
"TILLB";"Liten_bil";3;56593;40167;-29,0247910518969;2019-03-01;"Tillerbrua";86
"TILLB";"Liten_bil";4;70395;38202;-45,7319411890049;2019-04-01;"Tillerbrua";86
"TILLB";"Liten_bil";5;74954;43895;-41,4374149478347;2019-05-01;"Tillerbrua";86
"TILLB";"Liten_bil";6;94582;43570;-53,9341523757163;2019-06-01;"Tillerbrua";86
"TILLB";"Liten_bil";7;124872;32358;-74,0870651547184;2019-07-01;"Tillerbrua";86
"TILLB";"Liten_bil";8;104588;42762;-59,1138562741423;2019-08-01;"Tillerbrua";86
"TILLB";"Liten_bil";9;69146;46828;-32,2766320539149;2019-09-01;"Tillerbrua";86
"TILLB";"Liten_bil";10;63053;40525;-35,7286727039158;2019-10-01;"Tillerbrua";86
"TILLB";"Liten_bil";11;58451;22880;-60,8561016920155;2019-11-01;"Tillerbrua";86
"TILLB";"Liten_bil";12;43908;20005;-54,4388266375148;2019-12-01;"Tillerbrua";86
"TORGR";"Liten_bil";1;188379;164333;-12,7646924551038;2019-01-01;"Fv 704 Torgårdsletta";85
"TORGR";"Liten_bil";2;169425;154865;-8,59377305592445;2019-02-01;"Fv 704 Torgårdsletta";85
"TORGR";"Liten_bil";3;170158;175479;3,12709364237944;2019-03-01;"Fv 704 Torgårdsletta";85
"TORGR";"Liten_bil";4;183084;163932;-10,4607721046077;2019-04-01;"Fv 704 Torgårdsletta";85
"TORGR";"Liten_bil";5;185053;183497;-0,840840191728853;2019-05-01;"Fv 704 Torgårdsletta";85
"TORGR";"Liten_bil";6;166044;176704;6,41998506419985;2019-06-01;"Fv 704 Torgårdsletta";85
"TORGR";"Liten_bil";7;61226;144608;136,187240714729;2019-07-01;"Fv 704 Torgårdsletta";85
"TORGR";"Liten_bil";8;156061;169243;8,44669712484221;2019-08-01;"Fv 704 Torgårdsletta";85
"TORGR";"Liten_bil";9;188761;184813;-2,09153373843114;2019-09-01;"Fv 704 Torgårdsletta";85
"TORGR";"Liten_bil";10;205458;195279;-4,95429722863067;2019-10-01;"Fv 704 Torgårdsletta";85
"TORGR";"Liten_bil";11;193956;203561;4,95215409680545;2019-11-01;"Fv 704 Torgårdsletta";85
"TORGR";"Liten_bil";12;171743;191945;11,7629248353645;2019-12-01;"Fv 704 Torgårdsletta";85
"TUNGA";"Liten_bil";1;234205;231629;-1,09989112102645;2019-01-01;"Tungasletta";62
"TUNGA";"Liten_bil";2;229706;208670;-9,15779300497157;2019-02-01;"Tungasletta";62
"TUNGA";"Liten_bil";3;225525;233979;3,74858663119388;2019-03-01;"Tungasletta";62
"TUNGA";"Liten_bil";4;262748;207389;-21,0692374442432;2019-04-01;"Tungasletta";62
"TUNGA";"Liten_bil";5;229669;239535;4,29574735815457;2019-05-01;"Tungasletta";62
"TUNGA";"Liten_bil";6;228778;221890;-3,0107790084711;2019-06-01;"Tungasletta";62
"TUNGA";"Liten_bil";9;231409;215335;-6,94614297628874;2019-09-01;"Tungasletta";62
"TUNGA";"Liten_bil";10;244516;246839;0,950040079176828;2019-10-01;"Tungasletta";62
"TUNGA";"Liten_bil";11;242817;238638;-1,72104918518885;2019-11-01;"Tungasletta";62
"TUNGA";"Liten_bil";12;216551;211271;-2,43822471380876;2019-12-01;"Tungasletta";62
"VÆRE-";"Liten_bil";1;263405;252123;-4,28313813329284;2019-01-01;"Være (Gml. E6)";58
"VÆRE-";"Liten_bil";2;234310;224041;-4,38265545644658;2019-02-01;"Være (Gml. E6)";58
"VÆRE-";"Liten_bil";3;248865;262605;5,5210656379965;2019-03-01;"Være (Gml. E6)";58
"VÆRE-";"Liten_bil";4;279106;253052;-9,33480469785673;2019-04-01;"Være (Gml. E6)";58
"VÆRE-";"Liten_bil";5;293310;293255;-0,0187514915959253;2019-05-01;"Være (Gml. E6)";58
"VÆRE-";"Liten_bil";6;284966;279449;-1,93602043752588;2019-06-01;"Være (Gml. E6)";58
"VÆRE-";"Liten_bil";7;231111;228135;-1,28769292677544;2019-07-01;"Være (Gml. E6)";58
"VÆRE-";"Liten_bil";8;282144;280159;-0,703541454009304;2019-08-01;"Være (Gml. E6)";58
"VÆRE-";"Liten_bil";9;271930;267982;-1,45184422461663;2019-09-01;"Være (Gml. E6)";58
"VÆRE-";"Liten_bil";10;279274;270158;-3,2641778325229;2019-10-01;"Være (Gml. E6)";58
"VÆRE-";"Liten_bil";11;267062;260427;-2,48444181500925;2019-11-01;"Være (Gml. E6)";58
"VÆRE-";"Liten_bil";12;253602;244098;-3,74760451415999;2019-12-01;"Være (Gml. E6)";58
"BJØRN";"Liten_bil";1;267181;273013;2,18278994389571;2020-01-01;"Bjørndalen (Oslovn.)";54
"BJØRN";"Liten_bil";2;248880;250350;0,590646094503366;2020-02-01;"Bjørndalen (Oslovn.)";54
"BJØRN";"Liten_bil";3;283751;218573;-22,9701393122844;2020-03-01;"Bjørndalen (Oslovn.)";54
"BJØRN";"Liten_bil";4;263632;212901;-19,2431116101232;2020-04-01;"Bjørndalen (Oslovn.)";54
"BRATS";"Liten_bil";1;171881;182581;6,22523722808221;2020-01-01;"Bratsbergveien";65
"BRATS";"Liten_bil";2;159408;174853;9,68897420455685;2020-02-01;"Bratsbergveien";65
"BRATS";"Liten_bil";3;185587;142484;-23,2252259048317;2020-03-01;"Bratsbergveien";65
"BRATS";"Liten_bil";4;159443;107010;-32,8851062762241;2020-04-01;"Bratsbergveien";65
"BYÅSV";"Liten_bil";1;273082;274982;0,695761712599152;2020-01-01;"Byåsveien";68
"BYÅSV";"Liten_bil";2;244719;251323;2,69860533918493;2020-02-01;"Byåsveien";68
"BYÅSV";"Liten_bil";3;287736;222354;-22,7229126699474;2020-03-01;"Byåsveien";68
"BYÅSV";"Liten_bil";4;252826;209225;-17,2454573501143;2020-04-01;"Byåsveien";68
"BØCKM";"Liten_bil";1;161991;161671;-0,197541838744131;2020-01-01;"Bøckmans veg";67
"BØCKM";"Liten_bil";2;142196;146107;2,75042898534417;2020-02-01;"Bøckmans veg";67
"BØCKM";"Liten_bil";3;166478;126278;-24,1473347829743;2020-03-01;"Bøckmans veg";67
"BØCKM";"Liten_bil";4;144834;113727;-21,4776917022246;2020-04-01;"Bøckmans veg";67
"GAMLE";"Liten_bil";1;104935;102723;-2,10797160146757;2020-01-01;"Gamle Oslovei";69
"GAMLE";"Liten_bil";2;94401;95401;1,05931081238546;2020-02-01;"Gamle Oslovei";69
"GAMLE";"Liten_bil";3;109302;92024;-15,8075790012992;2020-03-01;"Gamle Oslovei";69
"GAMLE";"Liten_bil";4;100800;91825;-8,90376984126984;2020-04-01;"Gamle Oslovei";69
"H-VII";"Liten_bil";1;326197;333668;2,29033375536869;2020-01-01;"Haakon VII s gt ";60
"H-VII";"Liten_bil";2;300844;312454;3,8591429445161;2020-02-01;"Haakon VII s gt ";60
"H-VII";"Liten_bil";3;337404;275651;-18,3023911986817;2020-03-01;"Haakon VII s gt ";60
"H-VII";"Liten_bil";4;318573;283426;-11,0326361618844;2020-04-01;"Haakon VII s gt ";60
"KLETT";"Liten_bil";1;150121;153053;1,95309117312035;2020-01-01;"Klett - Rv.707";51
"KLETT";"Liten_bil";2;141151;148582;5,2645748170399;2020-02-01;"Klett - Rv.707";51
"KLETT";"Liten_bil";3;160968;129456;-19,5765618011033;2020-03-01;"Klett - Rv.707";51
"KLETT";"Liten_bil";4;166008;134565;-18,9406534624837;2020-04-01;"Klett - Rv.707";51
"KLETT-E6";"Liten_bil";1;568386;690269;21,4437019912524;2020-01-01;"Klett - E6";52
"KLETT-E6";"Liten_bil";2;542504;680214;25,384144633035;2020-02-01;"Klett - E6";52
"KLETT-E6";"Liten_bil";3;621505;620991;-0,0827024722246827;2020-03-01;"Klett - E6";52
"KLETT-E6";"Liten_bil";4;666145;552295;-17,0908736085987;2020-04-01;"Klett - E6";52
"KROP-";"Liten_bil";1;417994;428242;2,4517098331555;2020-01-01;"Kroppan bru";56
"KROP-";"Liten_bil";2;385186;397745;3,26050271816734;2020-02-01;"Kroppan bru";56
"KROP-";"Liten_bil";3;443602;321916;-27,4313461165639;2020-03-01;"Kroppan bru";56
"KROP-";"Liten_bil";4;398652;268463;-32,6573051182485;2020-04-01;"Kroppan bru";56
"LANDB";"Liten_bil";1;145185;151606;4,42263319213418;2020-01-01;"Landbruksvegen";61
"LANDB";"Liten_bil";2;134526;136333;1,34323476502682;2020-02-01;"Landbruksvegen";61
"LANDB";"Liten_bil";3;150178;112573;-25,0402855278403;2020-03-01;"Landbruksvegen";61
"LANDB";"Liten_bil";4;128275;116739;-8,99317871759891;2020-04-01;"Landbruksvegen";61
"LEIRF";"Liten_bil";1;58475;60440;3,36041043180846;2020-01-01;"Nedre Leirfoss (Fossestuvegen)";53
"LEIRF";"Liten_bil";2;51126;58159;13,7562101474788;2020-02-01;"Nedre Leirfoss (Fossestuvegen)";53
"LEIRF";"Liten_bil";3;58650;50599;-13,7271952259165;2020-03-01;"Nedre Leirfoss (Fossestuvegen)";53
"LEIRF";"Liten_bil";4;55681;47775;-14,1987392467808;2020-04-01;"Nedre Leirfoss (Fossestuvegen)";53
"RANH-";"Liten_bil";1;490039;526255;7,39043219009099;2020-01-01;"Ranheim";72
"RANH-";"Liten_bil";2;477737;499321;4,51796699857872;2020-02-01;"Ranheim";72
"RANH-";"Liten_bil";3;536402;370301;-30,9657682111551;2020-03-01;"Ranheim";72
"RANH-";"Liten_bil";4;505827;296472;-41,3886565960299;2020-04-01;"Ranheim";72
"Rv706";"Liten_bil";1;702881;720240;2,46969259376766;2020-01-01;"Rv 706 Leangensletta";59
"Rv706";"Liten_bil";2;642358;662097;3,07289704495002;2020-02-01;"Rv 706 Leangensletta";59
"Rv706";"Liten_bil";3;740896;530527;-28,3938636461798;2020-03-01;"Rv 706 Leangensletta";59
"Rv706";"Liten_bil";4;657887;470660;-28,4588386759428;2020-04-01;"Rv 706 Leangensletta";59
"SLUPP";"Liten_bil";1;308437;313226;1,5526671573125;2020-01-01;"Nord for Sluppen bru (Tempevn)";55
"SLUPP";"Liten_bil";2;284141;283161;-0,34489918737528;2020-02-01;"Nord for Sluppen bru (Tempevn)";55
"SLUPP";"Liten_bil";3;326607;248936;-23,7811804401008;2020-03-01;"Nord for Sluppen bru (Tempevn)";55
"SLUPP";"Liten_bil";4;293252;239785;-18,2324417224776;2020-04-01;"Nord for Sluppen bru (Tempevn)";55
"TEMPE";"Liten_bil";1;103400;99989;-3,29883945841393;2020-01-01;"Tempeveien";66
"TEMPE";"Liten_bil";2;94067;89177;-5,19842240105457;2020-02-01;"Tempeveien";66
"TEMPE";"Liten_bil";3;107116;78247;-26,9511557563763;2020-03-01;"Tempeveien";66
"TEMPE";"Liten_bil";4;84113;68458;-18,6118673688966;2020-04-01;"Tempeveien";66
"THBRA";"Liten_bil";1;383422;385135;0,446766226246798;2020-01-01;"Thorbjørn Bratts veg";64
"THBRA";"Liten_bil";2;354234;352418;-0,512655476323565;2020-02-01;"Thorbjørn Bratts veg";64
"THBRA";"Liten_bil";3;404887;301570;-25,5174900651293;2020-03-01;"Thorbjørn Bratts veg";64
"THBRA";"Liten_bil";4;355386;267326;-24,778691338432;2020-04-01;"Thorbjørn Bratts veg";64
"TILLB";"Liten_bil";1;40084;21393;-46,6295778864385;2020-01-01;"Tillerbrua";86
"TILLB";"Liten_bil";2;35545;18685;-47,4328316218878;2020-02-01;"Tillerbrua";86
"TILLB";"Liten_bil";3;40167;17376;-56,7406079617597;2020-03-01;"Tillerbrua";86
"TILLB";"Liten_bil";4;38202;15754;-58,7613213967855;2020-04-01;"Tillerbrua";86
"TORGR";"Liten_bil";1;164333;198468;20,7718474073984;2020-01-01;"Fv 704 Torgårdsletta";85
"TORGR";"Liten_bil";2;154865;183077;18,2171568785717;2020-02-01;"Fv 704 Torgårdsletta";85
"TORGR";"Liten_bil";3;175479;167021;-4,81994996552294;2020-03-01;"Fv 704 Torgårdsletta";85
"TORGR";"Liten_bil";4;163932;162879;-0,642339506624701;2020-04-01;"Fv 704 Torgårdsletta";85
"TUNGA";"Liten_bil";1;231629;223312;-3,59065574690561;2020-01-01;"Tungasletta";62
"TUNGA";"Liten_bil";2;208670;208075;-0,285139215028518;2020-02-01;"Tungasletta";62
"TUNGA";"Liten_bil";3;233979;183611;-21,5267182097539;2020-03-01;"Tungasletta";62
"TUNGA";"Liten_bil";4;207389;171577;-17,2680325378877;2020-04-01;"Tungasletta";62
"VÆRE-";"Liten_bil";1;252123;245664;-2,56184481384086;2020-01-01;"Være (Gml. E6)";58
"VÆRE-";"Liten_bil";2;224041;231148;3,1721872335867;2020-02-01;"Være (Gml. E6)";58
"VÆRE-";"Liten_bil";3;262605;203991;-22,3202147712344;2020-03-01;"Være (Gml. E6)";58
"VÆRE-";"Liten_bil";4;253052;202131;-20,1227415709024;2020-04-01;"Være (Gml. E6)";58
