fylkenr;msnr;msnavn;Vegkategori;vegnr;hp;meter;ant_kjørefelt;ådt;første_igangsetting_datainn;døgn;lengdeklasse;periode;indeks;dekning;trafikkmengde indeksår;trafikkmengde basisår
16;1600127;Jernbanebrua;F;910;1;171;4;;;Alle;Alle;Januar;-;-;-;-
16;1600127;Jernbanebrua;F;910;1;171;4;;;Alle;Alle;Februar;-;-;-;-
16;1600127;Jernbanebrua;F;910;1;171;4;;;Alle;Alle;Mars;-;-;-;-
16;1600127;Jernbanebrua;F;910;1;171;4;;;Alle;Alle;April;-;-;-;-
16;1600127;Jernbanebrua;F;910;1;171;4;;;Alle;Alle;Mai;-;-;-;-
16;1600127;Jernbanebrua;F;910;1;171;4;;;Alle;Alle;Juni;-;-;-;-
16;1600127;Jernbanebrua;F;910;1;171;4;;;Alle;Alle;Juli;-;-;-;-
16;1600127;Jernbanebrua;F;910;1;171;4;;;Alle;Alle;August;-;-;-;-
16;1600127;Jernbanebrua;F;910;1;171;4;;;Alle;Alle;September;-;-;-;-
16;1600127;Jernbanebrua;F;910;1;171;4;;;Alle;Alle;Oktober;-;-;-;-
16;1600127;Jernbanebrua;F;910;1;171;4;;;Alle;Alle;November;2,306;99,000;171669;167800
16;1600127;Jernbanebrua;F;910;1;171;4;;;Alle;Alle;Desember;3,482;99,000;162754;157278
16;1600127;Jernbanebrua;F;910;1;171;4;;;Alle;Alle;Siste 12 måneder;2,875;99,000;334423;325078
16;1600127;Jernbanebrua;F;910;1;171;4;;;Alle;Alle;Hittil i år;2,875;99,000;334423;325078
16;1600127;Jernbanebrua;F;910;1;171;4;;;Alle;< 5,6m;Januar;-;-;-;-
16;1600127;Jernbanebrua;F;910;1;171;4;;;Alle;< 5,6m;Februar;-;-;-;-
16;1600127;Jernbanebrua;F;910;1;171;4;;;Alle;< 5,6m;Mars;-;-;-;-
16;1600127;Jernbanebrua;F;910;1;171;4;;;Alle;< 5,6m;April;-;-;-;-
16;1600127;Jernbanebrua;F;910;1;171;4;;;Alle;< 5,6m;Mai;-;-;-;-
16;1600127;Jernbanebrua;F;910;1;171;4;;;Alle;< 5,6m;Juni;-;-;-;-
16;1600127;Jernbanebrua;F;910;1;171;4;;;Alle;< 5,6m;Juli;-;-;-;-
16;1600127;Jernbanebrua;F;910;1;171;4;;;Alle;< 5,6m;August;-;-;-;-
16;1600127;Jernbanebrua;F;910;1;171;4;;;Alle;< 5,6m;September;-;-;-;-
16;1600127;Jernbanebrua;F;910;1;171;4;;;Alle;< 5,6m;Oktober;-;-;-;-
16;1600127;Jernbanebrua;F;910;1;171;4;;;Alle;< 5,6m;November;3,943;99,000;134562;129457
16;1600127;Jernbanebrua;F;910;1;171;4;;;Alle;< 5,6m;Desember;5,452;99,000;131772;124959
16;1600127;Jernbanebrua;F;910;1;171;4;;;Alle;< 5,6m;Siste 12 måneder;4,684;99,000;266334;254416
16;1600127;Jernbanebrua;F;910;1;171;4;;;Alle;< 5,6m;Hittil i år;4,684;99,000;266334;254416
16;1600127;Jernbanebrua;F;910;1;171;4;;;Alle;>= 5,6m;Januar;-;-;-;-
16;1600127;Jernbanebrua;F;910;1;171;4;;;Alle;>= 5,6m;Februar;-;-;-;-
16;1600127;Jernbanebrua;F;910;1;171;4;;;Alle;>= 5,6m;Mars;-;-;-;-
16;1600127;Jernbanebrua;F;910;1;171;4;;;Alle;>= 5,6m;April;-;-;-;-
16;1600127;Jernbanebrua;F;910;1;171;4;;;Alle;>= 5,6m;Mai;-;-;-;-
16;1600127;Jernbanebrua;F;910;1;171;4;;;Alle;>= 5,6m;Juni;-;-;-;-
16;1600127;Jernbanebrua;F;910;1;171;4;;;Alle;>= 5,6m;Juli;-;-;-;-
16;1600127;Jernbanebrua;F;910;1;171;4;;;Alle;>= 5,6m;August;-;-;-;-
16;1600127;Jernbanebrua;F;910;1;171;4;;;Alle;>= 5,6m;September;-;-;-;-
16;1600127;Jernbanebrua;F;910;1;171;4;;;Alle;>= 5,6m;Oktober;-;-;-;-
16;1600127;Jernbanebrua;F;910;1;171;4;;;Alle;>= 5,6m;November;-3,376;99,000;36632;37912
16;1600127;Jernbanebrua;F;910;1;171;4;;;Alle;>= 5,6m;Desember;-4,529;99,000;30543;31992
16;1600127;Jernbanebrua;F;910;1;171;4;;;Alle;>= 5,6m;Siste 12 måneder;-3,904;99,000;67175;69904
16;1600127;Jernbanebrua;F;910;1;171;4;;;Alle;>= 5,6m;Hittil i år;-3,904;99,000;67175;69904
16;1600127;Jernbanebrua;F;910;1;171;4;;;Alle;5,6m - 7,6m;Januar;-;-;-;-
16;1600127;Jernbanebrua;F;910;1;171;4;;;Alle;5,6m - 7,6m;Februar;-;-;-;-
16;1600127;Jernbanebrua;F;910;1;171;4;;;Alle;5,6m - 7,6m;Mars;-;-;-;-
16;1600127;Jernbanebrua;F;910;1;171;4;;;Alle;5,6m - 7,6m;April;-;-;-;-
16;1600127;Jernbanebrua;F;910;1;171;4;;;Alle;5,6m - 7,6m;Mai;-;-;-;-
16;1600127;Jernbanebrua;F;910;1;171;4;;;Alle;5,6m - 7,6m;Juni;-;-;-;-
16;1600127;Jernbanebrua;F;910;1;171;4;;;Alle;5,6m - 7,6m;Juli;-;-;-;-
16;1600127;Jernbanebrua;F;910;1;171;4;;;Alle;5,6m - 7,6m;August;-;-;-;-
16;1600127;Jernbanebrua;F;910;1;171;4;;;Alle;5,6m - 7,6m;September;-;-;-;-
16;1600127;Jernbanebrua;F;910;1;171;4;;;Alle;5,6m - 7,6m;Oktober;-;-;-;-
16;1600127;Jernbanebrua;F;910;1;171;4;;;Alle;5,6m - 7,6m;November;-7,717;99,000;4365;4730
16;1600127;Jernbanebrua;F;910;1;171;4;;;Alle;5,6m - 7,6m;Desember;1,873;99,000;3644;3577
16;1600127;Jernbanebrua;F;910;1;171;4;;;Alle;5,6m - 7,6m;Siste 12 måneder;-3,587;99,000;8009;8307
16;1600127;Jernbanebrua;F;910;1;171;4;;;Alle;5,6m - 7,6m;Hittil i år;-3,587;99,000;8009;8307
16;1600127;Jernbanebrua;F;910;1;171;4;;;Alle;7,6m - 12,5m;Januar;-;-;-;-
16;1600127;Jernbanebrua;F;910;1;171;4;;;Alle;7,6m - 12,5m;Februar;-;-;-;-
16;1600127;Jernbanebrua;F;910;1;171;4;;;Alle;7,6m - 12,5m;Mars;-;-;-;-
16;1600127;Jernbanebrua;F;910;1;171;4;;;Alle;7,6m - 12,5m;April;-;-;-;-
16;1600127;Jernbanebrua;F;910;1;171;4;;;Alle;7,6m - 12,5m;Mai;-;-;-;-
16;1600127;Jernbanebrua;F;910;1;171;4;;;Alle;7,6m - 12,5m;Juni;-;-;-;-
16;1600127;Jernbanebrua;F;910;1;171;4;;;Alle;7,6m - 12,5m;Juli;-;-;-;-
16;1600127;Jernbanebrua;F;910;1;171;4;;;Alle;7,6m - 12,5m;August;-;-;-;-
16;1600127;Jernbanebrua;F;910;1;171;4;;;Alle;7,6m - 12,5m;September;-;-;-;-
16;1600127;Jernbanebrua;F;910;1;171;4;;;Alle;7,6m - 12,5m;Oktober;-;-;-;-
16;1600127;Jernbanebrua;F;910;1;171;4;;;Alle;7,6m - 12,5m;November;8,805;99,000;5437;4997
16;1600127;Jernbanebrua;F;910;1;171;4;;;Alle;7,6m - 12,5m;Desember;-5,988;99,000;4145;4409
16;1600127;Jernbanebrua;F;910;1;171;4;;;Alle;7,6m - 12,5m;Siste 12 måneder;1,871;99,000;9582;9406
16;1600127;Jernbanebrua;F;910;1;171;4;;;Alle;7,6m - 12,5m;Hittil i år;1,871;99,000;9582;9406
16;1600127;Jernbanebrua;F;910;1;171;4;;;Alle;12,5m - 16,0m;Januar;-;-;-;-
16;1600127;Jernbanebrua;F;910;1;171;4;;;Alle;12,5m - 16,0m;Februar;-;-;-;-
16;1600127;Jernbanebrua;F;910;1;171;4;;;Alle;12,5m - 16,0m;Mars;-;-;-;-
16;1600127;Jernbanebrua;F;910;1;171;4;;;Alle;12,5m - 16,0m;April;-;-;-;-
16;1600127;Jernbanebrua;F;910;1;171;4;;;Alle;12,5m - 16,0m;Mai;-;-;-;-
16;1600127;Jernbanebrua;F;910;1;171;4;;;Alle;12,5m - 16,0m;Juni;-;-;-;-
16;1600127;Jernbanebrua;F;910;1;171;4;;;Alle;12,5m - 16,0m;Juli;-;-;-;-
16;1600127;Jernbanebrua;F;910;1;171;4;;;Alle;12,5m - 16,0m;August;-;-;-;-
16;1600127;Jernbanebrua;F;910;1;171;4;;;Alle;12,5m - 16,0m;September;-;-;-;-
16;1600127;Jernbanebrua;F;910;1;171;4;;;Alle;12,5m - 16,0m;Oktober;-;-;-;-
16;1600127;Jernbanebrua;F;910;1;171;4;;;Alle;12,5m - 16,0m;November;-5,650;99,000;23880;25310
16;1600127;Jernbanebrua;F;910;1;171;4;;;Alle;12,5m - 16,0m;Desember;-5,760;99,000;20286;21526
16;1600127;Jernbanebrua;F;910;1;171;4;;;Alle;12,5m - 16,0m;Siste 12 måneder;-5,701;99,000;44166;46836
16;1600127;Jernbanebrua;F;910;1;171;4;;;Alle;12,5m - 16,0m;Hittil i år;-5,701;99,000;44166;46836
16;1600127;Jernbanebrua;F;910;1;171;4;;;Alle;>= 16,0m;Januar;-;-;-;-
16;1600127;Jernbanebrua;F;910;1;171;4;;;Alle;>= 16,0m;Februar;-;-;-;-
16;1600127;Jernbanebrua;F;910;1;171;4;;;Alle;>= 16,0m;Mars;-;-;-;-
16;1600127;Jernbanebrua;F;910;1;171;4;;;Alle;>= 16,0m;April;-;-;-;-
16;1600127;Jernbanebrua;F;910;1;171;4;;;Alle;>= 16,0m;Mai;-;-;-;-
16;1600127;Jernbanebrua;F;910;1;171;4;;;Alle;>= 16,0m;Juni;-;-;-;-
16;1600127;Jernbanebrua;F;910;1;171;4;;;Alle;>= 16,0m;Juli;-;-;-;-
16;1600127;Jernbanebrua;F;910;1;171;4;;;Alle;>= 16,0m;August;-;-;-;-
16;1600127;Jernbanebrua;F;910;1;171;4;;;Alle;>= 16,0m;September;-;-;-;-
16;1600127;Jernbanebrua;F;910;1;171;4;;;Alle;>= 16,0m;Oktober;-;-;-;-
16;1600127;Jernbanebrua;F;910;1;171;4;;;Alle;>= 16,0m;November;2,609;99,000;2950;2875
16;1600127;Jernbanebrua;F;910;1;171;4;;;Alle;>= 16,0m;Desember;-0,484;99,000;2468;2480
16;1600127;Jernbanebrua;F;910;1;171;4;;;Alle;>= 16,0m;Siste 12 måneder;1,176;99,000;5418;5355
16;1600127;Jernbanebrua;F;910;1;171;4;;;Alle;>= 16,0m;Hittil i år;1,176;99,000;5418;5355
16;1600127;Jernbanebrua;F;910;1;171;4;;;Yrkesdøgn;Alle;Januar;-;-;-;-
16;1600127;Jernbanebrua;F;910;1;171;4;;;Yrkesdøgn;Alle;Februar;-;-;-;-
16;1600127;Jernbanebrua;F;910;1;171;4;;;Yrkesdøgn;Alle;Mars;-;-;-;-
16;1600127;Jernbanebrua;F;910;1;171;4;;;Yrkesdøgn;Alle;April;-;-;-;-
16;1600127;Jernbanebrua;F;910;1;171;4;;;Yrkesdøgn;Alle;Mai;-;-;-;-
16;1600127;Jernbanebrua;F;910;1;171;4;;;Yrkesdøgn;Alle;Juni;-;-;-;-
16;1600127;Jernbanebrua;F;910;1;171;4;;;Yrkesdøgn;Alle;Juli;-;-;-;-
16;1600127;Jernbanebrua;F;910;1;171;4;;;Yrkesdøgn;Alle;August;-;-;-;-
16;1600127;Jernbanebrua;F;910;1;171;4;;;Yrkesdøgn;Alle;September;-;-;-;-
16;1600127;Jernbanebrua;F;910;1;171;4;;;Yrkesdøgn;Alle;Oktober;-;-;-;-
16;1600127;Jernbanebrua;F;910;1;171;4;;;Yrkesdøgn;Alle;November;1,741;99,000;135953;133626
16;1600127;Jernbanebrua;F;910;1;171;4;;;Yrkesdøgn;Alle;Desember;0,372;99,000;114974;114548
16;1600127;Jernbanebrua;F;910;1;171;4;;;Yrkesdøgn;Alle;Siste 12 måneder;1,109;99,000;250927;248174
16;1600127;Jernbanebrua;F;910;1;171;4;;;Yrkesdøgn;Alle;Hittil i år;1,109;99,000;250927;248174
16;1600127;Jernbanebrua;F;910;1;171;4;;;Yrkesdøgn;< 5,6m;Januar;-;-;-;-
16;1600127;Jernbanebrua;F;910;1;171;4;;;Yrkesdøgn;< 5,6m;Februar;-;-;-;-
16;1600127;Jernbanebrua;F;910;1;171;4;;;Yrkesdøgn;< 5,6m;Mars;-;-;-;-
16;1600127;Jernbanebrua;F;910;1;171;4;;;Yrkesdøgn;< 5,6m;April;-;-;-;-
16;1600127;Jernbanebrua;F;910;1;171;4;;;Yrkesdøgn;< 5,6m;Mai;-;-;-;-
16;1600127;Jernbanebrua;F;910;1;171;4;;;Yrkesdøgn;< 5,6m;Juni;-;-;-;-
16;1600127;Jernbanebrua;F;910;1;171;4;;;Yrkesdøgn;< 5,6m;Juli;-;-;-;-
16;1600127;Jernbanebrua;F;910;1;171;4;;;Yrkesdøgn;< 5,6m;August;-;-;-;-
16;1600127;Jernbanebrua;F;910;1;171;4;;;Yrkesdøgn;< 5,6m;September;-;-;-;-
16;1600127;Jernbanebrua;F;910;1;171;4;;;Yrkesdøgn;< 5,6m;Oktober;-;-;-;-
16;1600127;Jernbanebrua;F;910;1;171;4;;;Yrkesdøgn;< 5,6m;November;3,117;99,000;104067;100921
16;1600127;Jernbanebrua;F;910;1;171;4;;;Yrkesdøgn;< 5,6m;Desember;1,918;99,000;90876;89166
16;1600127;Jernbanebrua;F;910;1;171;4;;;Yrkesdøgn;< 5,6m;Siste 12 måneder;2,555;99,000;194943;190087
16;1600127;Jernbanebrua;F;910;1;171;4;;;Yrkesdøgn;< 5,6m;Hittil i år;2,555;99,000;194943;190087
16;1600127;Jernbanebrua;F;910;1;171;4;;;Yrkesdøgn;>= 5,6m;Januar;-;-;-;-
16;1600127;Jernbanebrua;F;910;1;171;4;;;Yrkesdøgn;>= 5,6m;Februar;-;-;-;-
16;1600127;Jernbanebrua;F;910;1;171;4;;;Yrkesdøgn;>= 5,6m;Mars;-;-;-;-
16;1600127;Jernbanebrua;F;910;1;171;4;;;Yrkesdøgn;>= 5,6m;April;-;-;-;-
16;1600127;Jernbanebrua;F;910;1;171;4;;;Yrkesdøgn;>= 5,6m;Mai;-;-;-;-
16;1600127;Jernbanebrua;F;910;1;171;4;;;Yrkesdøgn;>= 5,6m;Juni;-;-;-;-
16;1600127;Jernbanebrua;F;910;1;171;4;;;Yrkesdøgn;>= 5,6m;Juli;-;-;-;-
16;1600127;Jernbanebrua;F;910;1;171;4;;;Yrkesdøgn;>= 5,6m;August;-;-;-;-
16;1600127;Jernbanebrua;F;910;1;171;4;;;Yrkesdøgn;>= 5,6m;September;-;-;-;-
16;1600127;Jernbanebrua;F;910;1;171;4;;;Yrkesdøgn;>= 5,6m;Oktober;-;-;-;-
16;1600127;Jernbanebrua;F;910;1;171;4;;;Yrkesdøgn;>= 5,6m;November;-2,643;99,000;31460;32314
16;1600127;Jernbanebrua;F;910;1;171;4;;;Yrkesdøgn;>= 5,6m;Desember;-5,461;99,000;23734;25105
16;1600127;Jernbanebrua;F;910;1;171;4;;;Yrkesdøgn;>= 5,6m;Siste 12 måneder;-3,875;99,000;55194;57419
16;1600127;Jernbanebrua;F;910;1;171;4;;;Yrkesdøgn;>= 5,6m;Hittil i år;-3,875;99,000;55194;57419
16;1600127;Jernbanebrua;F;910;1;171;4;;;Yrkesdøgn;5,6m - 7,6m;Januar;-;-;-;-
16;1600127;Jernbanebrua;F;910;1;171;4;;;Yrkesdøgn;5,6m - 7,6m;Februar;-;-;-;-
16;1600127;Jernbanebrua;F;910;1;171;4;;;Yrkesdøgn;5,6m - 7,6m;Mars;-;-;-;-
16;1600127;Jernbanebrua;F;910;1;171;4;;;Yrkesdøgn;5,6m - 7,6m;April;-;-;-;-
16;1600127;Jernbanebrua;F;910;1;171;4;;;Yrkesdøgn;5,6m - 7,6m;Mai;-;-;-;-
16;1600127;Jernbanebrua;F;910;1;171;4;;;Yrkesdøgn;5,6m - 7,6m;Juni;-;-;-;-
16;1600127;Jernbanebrua;F;910;1;171;4;;;Yrkesdøgn;5,6m - 7,6m;Juli;-;-;-;-
16;1600127;Jernbanebrua;F;910;1;171;4;;;Yrkesdøgn;5,6m - 7,6m;August;-;-;-;-
16;1600127;Jernbanebrua;F;910;1;171;4;;;Yrkesdøgn;5,6m - 7,6m;September;-;-;-;-
16;1600127;Jernbanebrua;F;910;1;171;4;;;Yrkesdøgn;5,6m - 7,6m;Oktober;-;-;-;-
16;1600127;Jernbanebrua;F;910;1;171;4;;;Yrkesdøgn;5,6m - 7,6m;November;-7,884;99,000;3809;4135
16;1600127;Jernbanebrua;F;910;1;171;4;;;Yrkesdøgn;5,6m - 7,6m;Desember;1,536;99,000;2975;2930
16;1600127;Jernbanebrua;F;910;1;171;4;;;Yrkesdøgn;5,6m - 7,6m;Siste 12 måneder;-3,977;99,000;6784;7065
16;1600127;Jernbanebrua;F;910;1;171;4;;;Yrkesdøgn;5,6m - 7,6m;Hittil i år;-3,977;99,000;6784;7065
16;1600127;Jernbanebrua;F;910;1;171;4;;;Yrkesdøgn;7,6m - 12,5m;Januar;-;-;-;-
16;1600127;Jernbanebrua;F;910;1;171;4;;;Yrkesdøgn;7,6m - 12,5m;Februar;-;-;-;-
16;1600127;Jernbanebrua;F;910;1;171;4;;;Yrkesdøgn;7,6m - 12,5m;Mars;-;-;-;-
16;1600127;Jernbanebrua;F;910;1;171;4;;;Yrkesdøgn;7,6m - 12,5m;April;-;-;-;-
16;1600127;Jernbanebrua;F;910;1;171;4;;;Yrkesdøgn;7,6m - 12,5m;Mai;-;-;-;-
16;1600127;Jernbanebrua;F;910;1;171;4;;;Yrkesdøgn;7,6m - 12,5m;Juni;-;-;-;-
16;1600127;Jernbanebrua;F;910;1;171;4;;;Yrkesdøgn;7,6m - 12,5m;Juli;-;-;-;-
16;1600127;Jernbanebrua;F;910;1;171;4;;;Yrkesdøgn;7,6m - 12,5m;August;-;-;-;-
16;1600127;Jernbanebrua;F;910;1;171;4;;;Yrkesdøgn;7,6m - 12,5m;September;-;-;-;-
16;1600127;Jernbanebrua;F;910;1;171;4;;;Yrkesdøgn;7,6m - 12,5m;Oktober;-;-;-;-
16;1600127;Jernbanebrua;F;910;1;171;4;;;Yrkesdøgn;7,6m - 12,5m;November;8,774;99,000;4897;4502
16;1600127;Jernbanebrua;F;910;1;171;4;;;Yrkesdøgn;7,6m - 12,5m;Desember;-4,292;99,000;3523;3681
16;1600127;Jernbanebrua;F;910;1;171;4;;;Yrkesdøgn;7,6m - 12,5m;Siste 12 måneder;2,896;99,000;8420;8183
16;1600127;Jernbanebrua;F;910;1;171;4;;;Yrkesdøgn;7,6m - 12,5m;Hittil i år;2,896;99,000;8420;8183
16;1600127;Jernbanebrua;F;910;1;171;4;;;Yrkesdøgn;12,5m - 16,0m;Januar;-;-;-;-
16;1600127;Jernbanebrua;F;910;1;171;4;;;Yrkesdøgn;12,5m - 16,0m;Februar;-;-;-;-
16;1600127;Jernbanebrua;F;910;1;171;4;;;Yrkesdøgn;12,5m - 16,0m;Mars;-;-;-;-
16;1600127;Jernbanebrua;F;910;1;171;4;;;Yrkesdøgn;12,5m - 16,0m;April;-;-;-;-
16;1600127;Jernbanebrua;F;910;1;171;4;;;Yrkesdøgn;12,5m - 16,0m;Mai;-;-;-;-
16;1600127;Jernbanebrua;F;910;1;171;4;;;Yrkesdøgn;12,5m - 16,0m;Juni;-;-;-;-
16;1600127;Jernbanebrua;F;910;1;171;4;;;Yrkesdøgn;12,5m - 16,0m;Juli;-;-;-;-
16;1600127;Jernbanebrua;F;910;1;171;4;;;Yrkesdøgn;12,5m - 16,0m;August;-;-;-;-
16;1600127;Jernbanebrua;F;910;1;171;4;;;Yrkesdøgn;12,5m - 16,0m;September;-;-;-;-
16;1600127;Jernbanebrua;F;910;1;171;4;;;Yrkesdøgn;12,5m - 16,0m;Oktober;-;-;-;-
16;1600127;Jernbanebrua;F;910;1;171;4;;;Yrkesdøgn;12,5m - 16,0m;November;-4,419;99,000;20094;21023
16;1600127;Jernbanebrua;F;910;1;171;4;;;Yrkesdøgn;12,5m - 16,0m;Desember;-6,178;99,000;15385;16398
16;1600127;Jernbanebrua;F;910;1;171;4;;;Yrkesdøgn;12,5m - 16,0m;Siste 12 måneder;-5,190;99,000;35479;37421
16;1600127;Jernbanebrua;F;910;1;171;4;;;Yrkesdøgn;12,5m - 16,0m;Hittil i år;-5,190;99,000;35479;37421
16;1600127;Jernbanebrua;F;910;1;171;4;;;Yrkesdøgn;>= 16,0m;Januar;-;-;-;-
16;1600127;Jernbanebrua;F;910;1;171;4;;;Yrkesdøgn;>= 16,0m;Februar;-;-;-;-
16;1600127;Jernbanebrua;F;910;1;171;4;;;Yrkesdøgn;>= 16,0m;Mars;-;-;-;-
16;1600127;Jernbanebrua;F;910;1;171;4;;;Yrkesdøgn;>= 16,0m;April;-;-;-;-
16;1600127;Jernbanebrua;F;910;1;171;4;;;Yrkesdøgn;>= 16,0m;Mai;-;-;-;-
16;1600127;Jernbanebrua;F;910;1;171;4;;;Yrkesdøgn;>= 16,0m;Juni;-;-;-;-
16;1600127;Jernbanebrua;F;910;1;171;4;;;Yrkesdøgn;>= 16,0m;Juli;-;-;-;-
16;1600127;Jernbanebrua;F;910;1;171;4;;;Yrkesdøgn;>= 16,0m;August;-;-;-;-
16;1600127;Jernbanebrua;F;910;1;171;4;;;Yrkesdøgn;>= 16,0m;September;-;-;-;-
16;1600127;Jernbanebrua;F;910;1;171;4;;;Yrkesdøgn;>= 16,0m;Oktober;-;-;-;-
16;1600127;Jernbanebrua;F;910;1;171;4;;;Yrkesdøgn;>= 16,0m;November;0,226;99,000;2660;2654
16;1600127;Jernbanebrua;F;910;1;171;4;;;Yrkesdøgn;>= 16,0m;Desember;-11,689;99,000;1851;2096
16;1600127;Jernbanebrua;F;910;1;171;4;;;Yrkesdøgn;>= 16,0m;Siste 12 måneder;-5,032;99,000;4511;4750
16;1600127;Jernbanebrua;F;910;1;171;4;;;Yrkesdøgn;>= 16,0m;Hittil i år;-5,032;99,000;4511;4750
16;1600127;Jernbanebrua;F;910;1;171;4;;;Helgedøgn;Alle;Januar;-;-;-;-
16;1600127;Jernbanebrua;F;910;1;171;4;;;Helgedøgn;Alle;Februar;-;-;-;-
16;1600127;Jernbanebrua;F;910;1;171;4;;;Helgedøgn;Alle;Mars;-;-;-;-
16;1600127;Jernbanebrua;F;910;1;171;4;;;Helgedøgn;Alle;April;-;-;-;-
16;1600127;Jernbanebrua;F;910;1;171;4;;;Helgedøgn;Alle;Mai;-;-;-;-
16;1600127;Jernbanebrua;F;910;1;171;4;;;Helgedøgn;Alle;Juni;-;-;-;-
16;1600127;Jernbanebrua;F;910;1;171;4;;;Helgedøgn;Alle;Juli;-;-;-;-
16;1600127;Jernbanebrua;F;910;1;171;4;;;Helgedøgn;Alle;August;-;-;-;-
16;1600127;Jernbanebrua;F;910;1;171;4;;;Helgedøgn;Alle;September;-;-;-;-
16;1600127;Jernbanebrua;F;910;1;171;4;;;Helgedøgn;Alle;Oktober;-;-;-;-
16;1600127;Jernbanebrua;F;910;1;171;4;;;Helgedøgn;Alle;November;4,512;100,000;35716;34174
16;1600127;Jernbanebrua;F;910;1;171;4;;;Helgedøgn;Alle;Desember;11,818;99,000;47780;42730
16;1600127;Jernbanebrua;F;910;1;171;4;;;Helgedøgn;Alle;Siste 12 måneder;8,572;99,000;83496;76904
16;1600127;Jernbanebrua;F;910;1;171;4;;;Helgedøgn;Alle;Hittil i år;8,572;99,000;83496;76904
16;1600127;Jernbanebrua;F;910;1;171;4;;;Helgedøgn;< 5,6m;Januar;-;-;-;-
16;1600127;Jernbanebrua;F;910;1;171;4;;;Helgedøgn;< 5,6m;Februar;-;-;-;-
16;1600127;Jernbanebrua;F;910;1;171;4;;;Helgedøgn;< 5,6m;Mars;-;-;-;-
16;1600127;Jernbanebrua;F;910;1;171;4;;;Helgedøgn;< 5,6m;April;-;-;-;-
16;1600127;Jernbanebrua;F;910;1;171;4;;;Helgedøgn;< 5,6m;Mai;-;-;-;-
16;1600127;Jernbanebrua;F;910;1;171;4;;;Helgedøgn;< 5,6m;Juni;-;-;-;-
16;1600127;Jernbanebrua;F;910;1;171;4;;;Helgedøgn;< 5,6m;Juli;-;-;-;-
16;1600127;Jernbanebrua;F;910;1;171;4;;;Helgedøgn;< 5,6m;August;-;-;-;-
16;1600127;Jernbanebrua;F;910;1;171;4;;;Helgedøgn;< 5,6m;September;-;-;-;-
16;1600127;Jernbanebrua;F;910;1;171;4;;;Helgedøgn;< 5,6m;Oktober;-;-;-;-
16;1600127;Jernbanebrua;F;910;1;171;4;;;Helgedøgn;< 5,6m;November;6,865;100,000;30495;28536
16;1600127;Jernbanebrua;F;910;1;171;4;;;Helgedøgn;< 5,6m;Desember;14,257;99,000;40896;35793
16;1600127;Jernbanebrua;F;910;1;171;4;;;Helgedøgn;< 5,6m;Siste 12 måneder;10,978;99,000;71391;64329
16;1600127;Jernbanebrua;F;910;1;171;4;;;Helgedøgn;< 5,6m;Hittil i år;10,978;99,000;71391;64329
16;1600127;Jernbanebrua;F;910;1;171;4;;;Helgedøgn;>= 5,6m;Januar;-;-;-;-
16;1600127;Jernbanebrua;F;910;1;171;4;;;Helgedøgn;>= 5,6m;Februar;-;-;-;-
16;1600127;Jernbanebrua;F;910;1;171;4;;;Helgedøgn;>= 5,6m;Mars;-;-;-;-
16;1600127;Jernbanebrua;F;910;1;171;4;;;Helgedøgn;>= 5,6m;April;-;-;-;-
16;1600127;Jernbanebrua;F;910;1;171;4;;;Helgedøgn;>= 5,6m;Mai;-;-;-;-
16;1600127;Jernbanebrua;F;910;1;171;4;;;Helgedøgn;>= 5,6m;Juni;-;-;-;-
16;1600127;Jernbanebrua;F;910;1;171;4;;;Helgedøgn;>= 5,6m;Juli;-;-;-;-
16;1600127;Jernbanebrua;F;910;1;171;4;;;Helgedøgn;>= 5,6m;August;-;-;-;-
16;1600127;Jernbanebrua;F;910;1;171;4;;;Helgedøgn;>= 5,6m;September;-;-;-;-
16;1600127;Jernbanebrua;F;910;1;171;4;;;Helgedøgn;>= 5,6m;Oktober;-;-;-;-
16;1600127;Jernbanebrua;F;910;1;171;4;;;Helgedøgn;>= 5,6m;November;-7,610;100,000;5172;5598
16;1600127;Jernbanebrua;F;910;1;171;4;;;Helgedøgn;>= 5,6m;Desember;-1,133;99,000;6809;6887
16;1600127;Jernbanebrua;F;910;1;171;4;;;Helgedøgn;>= 5,6m;Siste 12 måneder;-4,037;99,000;11981;12485
16;1600127;Jernbanebrua;F;910;1;171;4;;;Helgedøgn;>= 5,6m;Hittil i år;-4,037;99,000;11981;12485
16;1600127;Jernbanebrua;F;910;1;171;4;;;Helgedøgn;5,6m - 7,6m;Januar;-;-;-;-
16;1600127;Jernbanebrua;F;910;1;171;4;;;Helgedøgn;5,6m - 7,6m;Februar;-;-;-;-
16;1600127;Jernbanebrua;F;910;1;171;4;;;Helgedøgn;5,6m - 7,6m;Mars;-;-;-;-
16;1600127;Jernbanebrua;F;910;1;171;4;;;Helgedøgn;5,6m - 7,6m;April;-;-;-;-
16;1600127;Jernbanebrua;F;910;1;171;4;;;Helgedøgn;5,6m - 7,6m;Mai;-;-;-;-
16;1600127;Jernbanebrua;F;910;1;171;4;;;Helgedøgn;5,6m - 7,6m;Juni;-;-;-;-
16;1600127;Jernbanebrua;F;910;1;171;4;;;Helgedøgn;5,6m - 7,6m;Juli;-;-;-;-
16;1600127;Jernbanebrua;F;910;1;171;4;;;Helgedøgn;5,6m - 7,6m;August;-;-;-;-
16;1600127;Jernbanebrua;F;910;1;171;4;;;Helgedøgn;5,6m - 7,6m;September;-;-;-;-
16;1600127;Jernbanebrua;F;910;1;171;4;;;Helgedøgn;5,6m - 7,6m;Oktober;-;-;-;-
16;1600127;Jernbanebrua;F;910;1;171;4;;;Helgedøgn;5,6m - 7,6m;November;-6,555;100,000;556;595
16;1600127;Jernbanebrua;F;910;1;171;4;;;Helgedøgn;5,6m - 7,6m;Desember;3,400;99,000;669;647
16;1600127;Jernbanebrua;F;910;1;171;4;;;Helgedøgn;5,6m - 7,6m;Siste 12 måneder;-1,369;99,000;1225;1242
16;1600127;Jernbanebrua;F;910;1;171;4;;;Helgedøgn;5,6m - 7,6m;Hittil i år;-1,369;99,000;1225;1242
16;1600127;Jernbanebrua;F;910;1;171;4;;;Helgedøgn;7,6m - 12,5m;Januar;-;-;-;-
16;1600127;Jernbanebrua;F;910;1;171;4;;;Helgedøgn;7,6m - 12,5m;Februar;-;-;-;-
16;1600127;Jernbanebrua;F;910;1;171;4;;;Helgedøgn;7,6m - 12,5m;Mars;-;-;-;-
16;1600127;Jernbanebrua;F;910;1;171;4;;;Helgedøgn;7,6m - 12,5m;April;-;-;-;-
16;1600127;Jernbanebrua;F;910;1;171;4;;;Helgedøgn;7,6m - 12,5m;Mai;-;-;-;-
16;1600127;Jernbanebrua;F;910;1;171;4;;;Helgedøgn;7,6m - 12,5m;Juni;-;-;-;-
16;1600127;Jernbanebrua;F;910;1;171;4;;;Helgedøgn;7,6m - 12,5m;Juli;-;-;-;-
16;1600127;Jernbanebrua;F;910;1;171;4;;;Helgedøgn;7,6m - 12,5m;August;-;-;-;-
16;1600127;Jernbanebrua;F;910;1;171;4;;;Helgedøgn;7,6m - 12,5m;September;-;-;-;-
16;1600127;Jernbanebrua;F;910;1;171;4;;;Helgedøgn;7,6m - 12,5m;Oktober;-;-;-;-
16;1600127;Jernbanebrua;F;910;1;171;4;;;Helgedøgn;7,6m - 12,5m;November;9,091;100,000;540;495
16;1600127;Jernbanebrua;F;910;1;171;4;;;Helgedøgn;7,6m - 12,5m;Desember;-14,560;99,000;622;728
16;1600127;Jernbanebrua;F;910;1;171;4;;;Helgedøgn;7,6m - 12,5m;Siste 12 måneder;-4,988;99,000;1162;1223
16;1600127;Jernbanebrua;F;910;1;171;4;;;Helgedøgn;7,6m - 12,5m;Hittil i år;-4,988;99,000;1162;1223
16;1600127;Jernbanebrua;F;910;1;171;4;;;Helgedøgn;12,5m - 16,0m;Januar;-;-;-;-
16;1600127;Jernbanebrua;F;910;1;171;4;;;Helgedøgn;12,5m - 16,0m;Februar;-;-;-;-
16;1600127;Jernbanebrua;F;910;1;171;4;;;Helgedøgn;12,5m - 16,0m;Mars;-;-;-;-
16;1600127;Jernbanebrua;F;910;1;171;4;;;Helgedøgn;12,5m - 16,0m;April;-;-;-;-
16;1600127;Jernbanebrua;F;910;1;171;4;;;Helgedøgn;12,5m - 16,0m;Mai;-;-;-;-
16;1600127;Jernbanebrua;F;910;1;171;4;;;Helgedøgn;12,5m - 16,0m;Juni;-;-;-;-
16;1600127;Jernbanebrua;F;910;1;171;4;;;Helgedøgn;12,5m - 16,0m;Juli;-;-;-;-
16;1600127;Jernbanebrua;F;910;1;171;4;;;Helgedøgn;12,5m - 16,0m;August;-;-;-;-
16;1600127;Jernbanebrua;F;910;1;171;4;;;Helgedøgn;12,5m - 16,0m;September;-;-;-;-
16;1600127;Jernbanebrua;F;910;1;171;4;;;Helgedøgn;12,5m - 16,0m;Oktober;-;-;-;-
16;1600127;Jernbanebrua;F;910;1;171;4;;;Helgedøgn;12,5m - 16,0m;November;-11,686;100,000;3786;4287
16;1600127;Jernbanebrua;F;910;1;171;4;;;Helgedøgn;12,5m - 16,0m;Desember;-4,427;99,000;4901;5128
16;1600127;Jernbanebrua;F;910;1;171;4;;;Helgedøgn;12,5m - 16,0m;Siste 12 måneder;-7,732;99,000;8687;9415
16;1600127;Jernbanebrua;F;910;1;171;4;;;Helgedøgn;12,5m - 16,0m;Hittil i år;-7,732;99,000;8687;9415
16;1600127;Jernbanebrua;F;910;1;171;4;;;Helgedøgn;>= 16,0m;Januar;-;-;-;-
16;1600127;Jernbanebrua;F;910;1;171;4;;;Helgedøgn;>= 16,0m;Februar;-;-;-;-
16;1600127;Jernbanebrua;F;910;1;171;4;;;Helgedøgn;>= 16,0m;Mars;-;-;-;-
16;1600127;Jernbanebrua;F;910;1;171;4;;;Helgedøgn;>= 16,0m;April;-;-;-;-
16;1600127;Jernbanebrua;F;910;1;171;4;;;Helgedøgn;>= 16,0m;Mai;-;-;-;-
16;1600127;Jernbanebrua;F;910;1;171;4;;;Helgedøgn;>= 16,0m;Juni;-;-;-;-
16;1600127;Jernbanebrua;F;910;1;171;4;;;Helgedøgn;>= 16,0m;Juli;-;-;-;-
16;1600127;Jernbanebrua;F;910;1;171;4;;;Helgedøgn;>= 16,0m;August;-;-;-;-
16;1600127;Jernbanebrua;F;910;1;171;4;;;Helgedøgn;>= 16,0m;September;-;-;-;-
16;1600127;Jernbanebrua;F;910;1;171;4;;;Helgedøgn;>= 16,0m;Oktober;-;-;-;-
16;1600127;Jernbanebrua;F;910;1;171;4;;;Helgedøgn;>= 16,0m;November;31,222;100,000;290;221
16;1600127;Jernbanebrua;F;910;1;171;4;;;Helgedøgn;>= 16,0m;Desember;60,677;99,000;617;384
16;1600127;Jernbanebrua;F;910;1;171;4;;;Helgedøgn;>= 16,0m;Siste 12 måneder;49,917;99,000;907;605
16;1600127;Jernbanebrua;F;910;1;171;4;;;Helgedøgn;>= 16,0m;Hittil i år;49,917;99,000;907;605
16;1600012;HAVNEGATA;R;706;1;8587;4;;;Alle;Alle;Januar;-;-;-;-
16;1600012;HAVNEGATA;R;706;1;8587;4;;;Alle;Alle;Februar;-0,053;100,000;461701;461944
16;1600012;HAVNEGATA;R;706;1;8587;4;;;Alle;Alle;Mars;-12,131;100,000;471107;536144
16;1600012;HAVNEGATA;R;706;1;8587;4;;;Alle;Alle;April;14,540;99,000;498484;435205
16;1600012;HAVNEGATA;R;706;1;8587;4;;;Alle;Alle;Mai;-0,758;100,000;511823;515733
16;1600012;HAVNEGATA;R;706;1;8587;4;;;Alle;Alle;Juni;2,060;100,000;533378;522611
16;1600012;HAVNEGATA;R;706;1;8587;4;;;Alle;Alle;Juli;3,579;100,000;415851;401483
16;1600012;HAVNEGATA;R;706;1;8587;4;;;Alle;Alle;August;7,909;100,000;545147;505193
16;1600012;HAVNEGATA;R;706;1;8587;4;;;Alle;Alle;September;3,901;100,000;513670;494383
16;1600012;HAVNEGATA;R;706;1;8587;4;;;Alle;Alle;Oktober;4,443;100,000;545610;522398
16;1600012;HAVNEGATA;R;706;1;8587;4;;;Alle;Alle;November;-1,489;99,000;533461;541526
16;1600012;HAVNEGATA;R;706;1;8587;4;;;Alle;Alle;Desember;-4,953;99,000;481817;506925
16;1600012;HAVNEGATA;R;706;1;8587;4;;;Alle;Alle;Siste 12 måneder;1,258;99,000;5512049;5443545
16;1600012;HAVNEGATA;R;706;1;8587;4;;;Alle;Alle;Hittil i år;1,258;99,000;5512049;5443545
16;1600012;HAVNEGATA;R;706;1;8587;4;;;Alle;< 5,6m;Januar;-;-;-;-
16;1600012;HAVNEGATA;R;706;1;8587;4;;;Alle;< 5,6m;Februar;0,693;100,000;418897;416013
16;1600012;HAVNEGATA;R;706;1;8587;4;;;Alle;< 5,6m;Mars;-11,190;100,000;428039;481970
16;1600012;HAVNEGATA;R;706;1;8587;4;;;Alle;< 5,6m;April;13,823;99,000;451490;396661
16;1600012;HAVNEGATA;R;706;1;8587;4;;;Alle;< 5,6m;Mai;-0,366;100,000;463328;465029
16;1600012;HAVNEGATA;R;706;1;8587;4;;;Alle;< 5,6m;Juni;2,365;100,000;478691;467633
16;1600012;HAVNEGATA;R;706;1;8587;4;;;Alle;< 5,6m;Juli;2,738;100,000;369122;359285
16;1600012;HAVNEGATA;R;706;1;8587;4;;;Alle;< 5,6m;August;8,173;100,000;488929;451989
16;1600012;HAVNEGATA;R;706;1;8587;4;;;Alle;< 5,6m;September;5,049;100,000;464837;442495
16;1600012;HAVNEGATA;R;706;1;8587;4;;;Alle;< 5,6m;Oktober;4,697;100,000;492227;470146
16;1600012;HAVNEGATA;R;706;1;8587;4;;;Alle;< 5,6m;November;-1,139;99,000;482752;488316
16;1600012;HAVNEGATA;R;706;1;8587;4;;;Alle;< 5,6m;Desember;-4,401;99,000;445731;466252
16;1600012;HAVNEGATA;R;706;1;8587;4;;;Alle;< 5,6m;Siste 12 måneder;1,595;99,000;4984043;4905789
16;1600012;HAVNEGATA;R;706;1;8587;4;;;Alle;< 5,6m;Hittil i år;1,595;99,000;4984043;4905789
16;1600012;HAVNEGATA;R;706;1;8587;4;;;Alle;>= 5,6m;Januar;-;-;-;-
16;1600012;HAVNEGATA;R;706;1;8587;4;;;Alle;>= 5,6m;Februar;-6,898;100,000;41947;45055
16;1600012;HAVNEGATA;R;706;1;8587;4;;;Alle;>= 5,6m;Mars;-20,599;100,000;42226;53181
16;1600012;HAVNEGATA;R;706;1;8587;4;;;Alle;>= 5,6m;April;20,887;99,000;45827;37909
16;1600012;HAVNEGATA;R;706;1;8587;4;;;Alle;>= 5,6m;Mai;-4,183;100,000;47483;49556
16;1600012;HAVNEGATA;R;706;1;8587;4;;;Alle;>= 5,6m;Juni;-0,347;100,000;53714;53901
16;1600012;HAVNEGATA;R;706;1;8587;4;;;Alle;>= 5,6m;Juli;10,627;100,000;46399;41942
16;1600012;HAVNEGATA;R;706;1;8587;4;;;Alle;>= 5,6m;August;5,575;100,000;55088;52179
16;1600012;HAVNEGATA;R;706;1;8587;4;;;Alle;>= 5,6m;September;-5,559;100,000;47957;50780
16;1600012;HAVNEGATA;R;706;1;8587;4;;;Alle;>= 5,6m;Oktober;2,322;100,000;52314;51127
16;1600012;HAVNEGATA;R;706;1;8587;4;;;Alle;>= 5,6m;November;-4,365;99,000;49757;52028
16;1600012;HAVNEGATA;R;706;1;8587;4;;;Alle;>= 5,6m;Desember;-10,970;99,000;35458;39827
16;1600012;HAVNEGATA;R;706;1;8587;4;;;Alle;>= 5,6m;Siste 12 måneder;-1,766;99,000;518170;527485
16;1600012;HAVNEGATA;R;706;1;8587;4;;;Alle;>= 5,6m;Hittil i år;-1,766;99,000;518170;527485
16;1600012;HAVNEGATA;R;706;1;8587;4;;;Alle;5,6m - 7,6m;Januar;-;-;-;-
16;1600012;HAVNEGATA;R;706;1;8587;4;;;Alle;5,6m - 7,6m;Februar;-2,514;100,000;14116;14480
16;1600012;HAVNEGATA;R;706;1;8587;4;;;Alle;5,6m - 7,6m;Mars;-16,984;100,000;13769;16586
16;1600012;HAVNEGATA;R;706;1;8587;4;;;Alle;5,6m - 7,6m;April;16,187;99,000;14377;12374
16;1600012;HAVNEGATA;R;706;1;8587;4;;;Alle;5,6m - 7,6m;Mai;-5,678;100,000;14601;15480
16;1600012;HAVNEGATA;R;706;1;8587;4;;;Alle;5,6m - 7,6m;Juni;-6,720;100,000;16198;17365
16;1600012;HAVNEGATA;R;706;1;8587;4;;;Alle;5,6m - 7,6m;Juli;-0,888;100,000;14168;14295
16;1600012;HAVNEGATA;R;706;1;8587;4;;;Alle;5,6m - 7,6m;August;-2,113;100,000;16819;17182
16;1600012;HAVNEGATA;R;706;1;8587;4;;;Alle;5,6m - 7,6m;September;-9,647;100,000;14386;15922
16;1600012;HAVNEGATA;R;706;1;8587;4;;;Alle;5,6m - 7,6m;Oktober;-1,760;100,000;16021;16308
16;1600012;HAVNEGATA;R;706;1;8587;4;;;Alle;5,6m - 7,6m;November;-10,647;99,000;15602;17461
16;1600012;HAVNEGATA;R;706;1;8587;4;;;Alle;5,6m - 7,6m;Desember;-19,337;99,000;11225;13916
16;1600012;HAVNEGATA;R;706;1;8587;4;;;Alle;5,6m - 7,6m;Siste 12 måneder;-5,886;99,000;161282;171369
16;1600012;HAVNEGATA;R;706;1;8587;4;;;Alle;5,6m - 7,6m;Hittil i år;-5,886;99,000;161282;171369
16;1600012;HAVNEGATA;R;706;1;8587;4;;;Alle;7,6m - 12,5m;Januar;-;-;-;-
16;1600012;HAVNEGATA;R;706;1;8587;4;;;Alle;7,6m - 12,5m;Februar;-6,766;100,000;12043;12917
16;1600012;HAVNEGATA;R;706;1;8587;4;;;Alle;7,6m - 12,5m;Mars;-23,074;100,000;12329;16027
16;1600012;HAVNEGATA;R;706;1;8587;4;;;Alle;7,6m - 12,5m;April;20,436;99,000;14303;11876
16;1600012;HAVNEGATA;R;706;1;8587;4;;;Alle;7,6m - 12,5m;Mai;-1,172;100,000;16106;16297
16;1600012;HAVNEGATA;R;706;1;8587;4;;;Alle;7,6m - 12,5m;Juni;0,765;100,000;17781;17646
16;1600012;HAVNEGATA;R;706;1;8587;4;;;Alle;7,6m - 12,5m;Juli;9,841;100,000;15570;14175
16;1600012;HAVNEGATA;R;706;1;8587;4;;;Alle;7,6m - 12,5m;August;5,144;100,000;18233;17341
16;1600012;HAVNEGATA;R;706;1;8587;4;;;Alle;7,6m - 12,5m;September;0,840;100,000;16448;16311
16;1600012;HAVNEGATA;R;706;1;8587;4;;;Alle;7,6m - 12,5m;Oktober;7,672;100,000;17879;16605
16;1600012;HAVNEGATA;R;706;1;8587;4;;;Alle;7,6m - 12,5m;November;3,419;99,000;16759;16205
16;1600012;HAVNEGATA;R;706;1;8587;4;;;Alle;7,6m - 12,5m;Desember;-1,904;99,000;11439;11661
16;1600012;HAVNEGATA;R;706;1;8587;4;;;Alle;7,6m - 12,5m;Siste 12 måneder;1,095;99,000;168890;167061
16;1600012;HAVNEGATA;R;706;1;8587;4;;;Alle;7,6m - 12,5m;Hittil i år;1,095;99,000;168890;167061
16;1600012;HAVNEGATA;R;706;1;8587;4;;;Alle;12,5m - 16,0m;Januar;-;-;-;-
16;1600012;HAVNEGATA;R;706;1;8587;4;;;Alle;12,5m - 16,0m;Februar;-13,884;100,000;7387;8578
16;1600012;HAVNEGATA;R;706;1;8587;4;;;Alle;12,5m - 16,0m;Mars;-17,391;100,000;7904;9568
16;1600012;HAVNEGATA;R;706;1;8587;4;;;Alle;12,5m - 16,0m;April;36,121;99,000;7910;5811
16;1600012;HAVNEGATA;R;706;1;8587;4;;;Alle;12,5m - 16,0m;Mai;0,196;100,000;7660;7645
16;1600012;HAVNEGATA;R;706;1;8587;4;;;Alle;12,5m - 16,0m;Juni;6,143;100,000;9780;9214
16;1600012;HAVNEGATA;R;706;1;8587;4;;;Alle;12,5m - 16,0m;Juli;40,106;100,000;9785;6984
16;1600012;HAVNEGATA;R;706;1;8587;4;;;Alle;12,5m - 16,0m;August;20,825;100,000;10107;8365
16;1600012;HAVNEGATA;R;706;1;8587;4;;;Alle;12,5m - 16,0m;September;-7,583;100,000;7471;8084
16;1600012;HAVNEGATA;R;706;1;8587;4;;;Alle;12,5m - 16,0m;Oktober;-4,040;100,000;7885;8217
16;1600012;HAVNEGATA;R;706;1;8587;4;;;Alle;12,5m - 16,0m;November;-9,868;99,000;7389;8198
16;1600012;HAVNEGATA;R;706;1;8587;4;;;Alle;12,5m - 16,0m;Desember;-18,923;99,000;5120;6315
16;1600012;HAVNEGATA;R;706;1;8587;4;;;Alle;12,5m - 16,0m;Siste 12 måneder;1,631;99,000;88398;86979
16;1600012;HAVNEGATA;R;706;1;8587;4;;;Alle;12,5m - 16,0m;Hittil i år;1,631;99,000;88398;86979
16;1600012;HAVNEGATA;R;706;1;8587;4;;;Alle;>= 16,0m;Januar;-;-;-;-
16;1600012;HAVNEGATA;R;706;1;8587;4;;;Alle;>= 16,0m;Februar;-7,478;100,000;8401;9080
16;1600012;HAVNEGATA;R;706;1;8587;4;;;Alle;>= 16,0m;Mars;-25,236;100,000;8224;11000
16;1600012;HAVNEGATA;R;706;1;8587;4;;;Alle;>= 16,0m;April;17,699;99,000;9237;7848
16;1600012;HAVNEGATA;R;706;1;8587;4;;;Alle;>= 16,0m;Mai;-10,045;100,000;9116;10134
16;1600012;HAVNEGATA;R;706;1;8587;4;;;Alle;>= 16,0m;Juni;2,883;100,000;9955;9676
16;1600012;HAVNEGATA;R;706;1;8587;4;;;Alle;>= 16,0m;Juli;5,980;100,000;6876;6488
16;1600012;HAVNEGATA;R;706;1;8587;4;;;Alle;>= 16,0m;August;6,867;100,000;9929;9291
16;1600012;HAVNEGATA;R;706;1;8587;4;;;Alle;>= 16,0m;September;-7,751;100,000;9652;10463
16;1600012;HAVNEGATA;R;706;1;8587;4;;;Alle;>= 16,0m;Oktober;5,322;100,000;10529;9997
16;1600012;HAVNEGATA;R;706;1;8587;4;;;Alle;>= 16,0m;November;-1,545;99,000;10007;10164
16;1600012;HAVNEGATA;R;706;1;8587;4;;;Alle;>= 16,0m;Desember;-3,289;99,000;7674;7935
16;1600012;HAVNEGATA;R;706;1;8587;4;;;Alle;>= 16,0m;Siste 12 måneder;-2,426;99,000;99600;102076
16;1600012;HAVNEGATA;R;706;1;8587;4;;;Alle;>= 16,0m;Hittil i år;-2,426;99,000;99600;102076
16;1600012;HAVNEGATA;R;706;1;8587;4;;;Yrkesdøgn;Alle;Januar;-;-;-;-
16;1600012;HAVNEGATA;R;706;1;8587;4;;;Yrkesdøgn;Alle;Februar;-0,114;100,000;370305;370726
16;1600012;HAVNEGATA;R;706;1;8587;4;;;Yrkesdøgn;Alle;Mars;-17,972;100,000;363490;443131
16;1600012;HAVNEGATA;R;706;1;8587;4;;;Yrkesdøgn;Alle;April;24,347;99,000;382789;307839
16;1600012;HAVNEGATA;R;706;1;8587;4;;;Yrkesdøgn;Alle;Mai;-4,463;100,000;371488;388842
16;1600012;HAVNEGATA;R;706;1;8587;4;;;Yrkesdøgn;Alle;Juni;0,694;100,000;414951;412093
16;1600012;HAVNEGATA;R;706;1;8587;4;;;Yrkesdøgn;Alle;Juli;8,183;100,000;328569;303715
16;1600012;HAVNEGATA;R;706;1;8587;4;;;Yrkesdøgn;Alle;August;6,676;100,000;438647;411195
16;1600012;HAVNEGATA;R;706;1;8587;4;;;Yrkesdøgn;Alle;September;-0,871;100,000;388161;391572
16;1600012;HAVNEGATA;R;706;1;8587;4;;;Yrkesdøgn;Alle;Oktober;7,351;100,000;445587;415075
16;1600012;HAVNEGATA;R;706;1;8587;4;;;Yrkesdøgn;Alle;November;-2,615;99,000;424699;436101
16;1600012;HAVNEGATA;R;706;1;8587;4;;;Yrkesdøgn;Alle;Desember;-7,101;99,000;345724;372151
16;1600012;HAVNEGATA;R;706;1;8587;4;;;Yrkesdøgn;Alle;Siste 12 måneder;0,517;99,000;4274410;4252440
16;1600012;HAVNEGATA;R;706;1;8587;4;;;Yrkesdøgn;Alle;Hittil i år;0,517;99,000;4274410;4252440
16;1600012;HAVNEGATA;R;706;1;8587;4;;;Yrkesdøgn;< 5,6m;Januar;-;-;-;-
16;1600012;HAVNEGATA;R;706;1;8587;4;;;Yrkesdøgn;< 5,6m;Februar;0,690;100,000;331014;328746
16;1600012;HAVNEGATA;R;706;1;8587;4;;;Yrkesdøgn;< 5,6m;Mars;-17,316;100,000;324772;392786
16;1600012;HAVNEGATA;R;706;1;8587;4;;;Yrkesdøgn;< 5,6m;April;23,937;99,000;340290;274566
16;1600012;HAVNEGATA;R;706;1;8587;4;;;Yrkesdøgn;< 5,6m;Mai;-4,175;100,000;329076;343412
16;1600012;HAVNEGATA;R;706;1;8587;4;;;Yrkesdøgn;< 5,6m;Juni;1,120;100,000;366810;362747
16;1600012;HAVNEGATA;R;706;1;8587;4;;;Yrkesdøgn;< 5,6m;Juli;7,617;100,000;287569;267214
16;1600012;HAVNEGATA;R;706;1;8587;4;;;Yrkesdøgn;< 5,6m;August;7,169;100,000;388379;362397
16;1600012;HAVNEGATA;R;706;1;8587;4;;;Yrkesdøgn;< 5,6m;September;0,243;100,000;345507;344671
16;1600012;HAVNEGATA;R;706;1;8587;4;;;Yrkesdøgn;< 5,6m;Oktober;7,922;100,000;396464;367362
16;1600012;HAVNEGATA;R;706;1;8587;4;;;Yrkesdøgn;< 5,6m;November;-2,325;99,000;378284;387290
16;1600012;HAVNEGATA;R;706;1;8587;4;;;Yrkesdøgn;< 5,6m;Desember;-6,561;99,000;314003;336052
16;1600012;HAVNEGATA;R;706;1;8587;4;;;Yrkesdøgn;< 5,6m;Siste 12 måneder;0,927;99,000;3802168;3767243
16;1600012;HAVNEGATA;R;706;1;8587;4;;;Yrkesdøgn;< 5,6m;Hittil i år;0,927;99,000;3802168;3767243
16;1600012;HAVNEGATA;R;706;1;8587;4;;;Yrkesdøgn;>= 5,6m;Januar;-;-;-;-
16;1600012;HAVNEGATA;R;706;1;8587;4;;;Yrkesdøgn;>= 5,6m;Februar;-6,488;100,000;38455;41123
16;1600012;HAVNEGATA;R;706;1;8587;4;;;Yrkesdøgn;>= 5,6m;Mars;-23,241;100,000;37892;49365
16;1600012;HAVNEGATA;R;706;1;8587;4;;;Yrkesdøgn;>= 5,6m;April;26,672;99,000;41376;32664
16;1600012;HAVNEGATA;R;706;1;8587;4;;;Yrkesdøgn;>= 5,6m;Mai;-6,466;100,000;41456;44322
16;1600012;HAVNEGATA;R;706;1;8587;4;;;Yrkesdøgn;>= 5,6m;Juni;-2,263;100,000;47216;48309
16;1600012;HAVNEGATA;R;706;1;8587;4;;;Yrkesdøgn;>= 5,6m;Juli;12,216;100,000;40686;36257
16;1600012;HAVNEGATA;R;706;1;8587;4;;;Yrkesdøgn;>= 5,6m;August;2,898;100,000;49182;47797
16;1600012;HAVNEGATA;R;706;1;8587;4;;;Yrkesdøgn;>= 5,6m;September;-8,737;100,000;41815;45818
16;1600012;HAVNEGATA;R;706;1;8587;4;;;Yrkesdøgn;>= 5,6m;Oktober;3,182;100,000;48092;46609
16;1600012;HAVNEGATA;R;706;1;8587;4;;;Yrkesdøgn;>= 5,6m;November;-4,515;99,000;45515;47667
16;1600012;HAVNEGATA;R;706;1;8587;4;;;Yrkesdøgn;>= 5,6m;Desember;-11,797;99,000;31125;35288
16;1600012;HAVNEGATA;R;706;1;8587;4;;;Yrkesdøgn;>= 5,6m;Siste 12 måneder;-2,611;99,000;462810;475219
16;1600012;HAVNEGATA;R;706;1;8587;4;;;Yrkesdøgn;>= 5,6m;Hittil i år;-2,611;99,000;462810;475219
16;1600012;HAVNEGATA;R;706;1;8587;4;;;Yrkesdøgn;5,6m - 7,6m;Januar;-;-;-;-
16;1600012;HAVNEGATA;R;706;1;8587;4;;;Yrkesdøgn;5,6m - 7,6m;Februar;-2,810;100,000;12865;13237
16;1600012;HAVNEGATA;R;706;1;8587;4;;;Yrkesdøgn;5,6m - 7,6m;Mars;-19,811;100,000;12370;15426
16;1600012;HAVNEGATA;R;706;1;8587;4;;;Yrkesdøgn;5,6m - 7,6m;April;21,754;99,000;12839;10545
16;1600012;HAVNEGATA;R;706;1;8587;4;;;Yrkesdøgn;5,6m - 7,6m;Mai;-8,119;100,000;12653;13771
16;1600012;HAVNEGATA;R;706;1;8587;4;;;Yrkesdøgn;5,6m - 7,6m;Juni;-8,890;100,000;14143;15523
16;1600012;HAVNEGATA;R;706;1;8587;4;;;Yrkesdøgn;5,6m - 7,6m;Juli;1,597;100,000;12469;12273
16;1600012;HAVNEGATA;R;706;1;8587;4;;;Yrkesdøgn;5,6m - 7,6m;August;-4,402;100,000;14856;15540
16;1600012;HAVNEGATA;R;706;1;8587;4;;;Yrkesdøgn;5,6m - 7,6m;September;-12,938;100,000;12462;14314
16;1600012;HAVNEGATA;R;706;1;8587;4;;;Yrkesdøgn;5,6m - 7,6m;Oktober;-0,034;100,000;14717;14722
16;1600012;HAVNEGATA;R;706;1;8587;4;;;Yrkesdøgn;5,6m - 7,6m;November;-10,961;99,000;14151;15893
16;1600012;HAVNEGATA;R;706;1;8587;4;;;Yrkesdøgn;5,6m - 7,6m;Desember;-19,906;99,000;9834;12278
16;1600012;HAVNEGATA;R;706;1;8587;4;;;Yrkesdøgn;5,6m - 7,6m;Siste 12 måneder;-6,620;99,000;143359;153522
16;1600012;HAVNEGATA;R;706;1;8587;4;;;Yrkesdøgn;5,6m - 7,6m;Hittil i år;-6,620;99,000;143359;153522
16;1600012;HAVNEGATA;R;706;1;8587;4;;;Yrkesdøgn;7,6m - 12,5m;Januar;-;-;-;-
16;1600012;HAVNEGATA;R;706;1;8587;4;;;Yrkesdøgn;7,6m - 12,5m;Februar;-6,461;100,000;11163;11934
16;1600012;HAVNEGATA;R;706;1;8587;4;;;Yrkesdøgn;7,6m - 12,5m;Mars;-25,793;100,000;11232;15136
16;1600012;HAVNEGATA;R;706;1;8587;4;;;Yrkesdøgn;7,6m - 12,5m;April;24,854;99,000;13071;10469
16;1600012;HAVNEGATA;R;706;1;8587;4;;;Yrkesdøgn;7,6m - 12,5m;Mai;-2,895;100,000;14288;14714
16;1600012;HAVNEGATA;R;706;1;8587;4;;;Yrkesdøgn;7,6m - 12,5m;Juni;-1,145;100,000;15798;15981
16;1600012;HAVNEGATA;R;706;1;8587;4;;;Yrkesdøgn;7,6m - 12,5m;Juli;11,968;100,000;13921;12433
16;1600012;HAVNEGATA;R;706;1;8587;4;;;Yrkesdøgn;7,6m - 12,5m;August;2,512;100,000;16446;16043
16;1600012;HAVNEGATA;R;706;1;8587;4;;;Yrkesdøgn;7,6m - 12,5m;September;-2,638;100,000;14465;14857
16;1600012;HAVNEGATA;R;706;1;8587;4;;;Yrkesdøgn;7,6m - 12,5m;Oktober;7,906;100,000;16432;15228
16;1600012;HAVNEGATA;R;706;1;8587;4;;;Yrkesdøgn;7,6m - 12,5m;November;3,860;99,000;15527;14950
16;1600012;HAVNEGATA;R;706;1;8587;4;;;Yrkesdøgn;7,6m - 12,5m;Desember;-2,753;99,000;10279;10570
16;1600012;HAVNEGATA;R;706;1;8587;4;;;Yrkesdøgn;7,6m - 12,5m;Siste 12 måneder;0,202;99,000;152622;152315
16;1600012;HAVNEGATA;R;706;1;8587;4;;;Yrkesdøgn;7,6m - 12,5m;Hittil i år;0,202;99,000;152622;152315
16;1600012;HAVNEGATA;R;706;1;8587;4;;;Yrkesdøgn;12,5m - 16,0m;Januar;-;-;-;-
16;1600012;HAVNEGATA;R;706;1;8587;4;;;Yrkesdøgn;12,5m - 16,0m;Februar;-11,499;100,000;6365;7192
16;1600012;HAVNEGATA;R;706;1;8587;4;;;Yrkesdøgn;12,5m - 16,0m;Mars;-20,513;100,000;6502;8180
16;1600012;HAVNEGATA;R;706;1;8587;4;;;Yrkesdøgn;12,5m - 16,0m;April;56,298;99,000;6688;4279
16;1600012;HAVNEGATA;R;706;1;8587;4;;;Yrkesdøgn;12,5m - 16,0m;Mai;-3,012;100,000;6118;6308
16;1600012;HAVNEGATA;R;706;1;8587;4;;;Yrkesdøgn;12,5m - 16,0m;Juni;3,533;100,000;7854;7586
16;1600012;HAVNEGATA;R;706;1;8587;4;;;Yrkesdøgn;12,5m - 16,0m;Juli;41,938;100,000;7747;5458
16;1600012;HAVNEGATA;R;706;1;8587;4;;;Yrkesdøgn;12,5m - 16,0m;August;16,038;100,000;8364;7208
16;1600012;HAVNEGATA;R;706;1;8587;4;;;Yrkesdøgn;12,5m - 16,0m;September;-11,374;100,000;5984;6752
16;1600012;HAVNEGATA;R;706;1;8587;4;;;Yrkesdøgn;12,5m - 16,0m;Oktober;-1,545;100,000;6882;6990
16;1600012;HAVNEGATA;R;706;1;8587;4;;;Yrkesdøgn;12,5m - 16,0m;November;-10,217;99,000;6318;7037
16;1600012;HAVNEGATA;R;706;1;8587;4;;;Yrkesdøgn;12,5m - 16,0m;Desember;-17,014;99,000;4224;5090
16;1600012;HAVNEGATA;R;706;1;8587;4;;;Yrkesdøgn;12,5m - 16,0m;Siste 12 måneder;1,340;99,000;73046;72080
16;1600012;HAVNEGATA;R;706;1;8587;4;;;Yrkesdøgn;12,5m - 16,0m;Hittil i år;1,340;99,000;73046;72080
16;1600012;HAVNEGATA;R;706;1;8587;4;;;Yrkesdøgn;>= 16,0m;Januar;-;-;-;-
16;1600012;HAVNEGATA;R;706;1;8587;4;;;Yrkesdøgn;>= 16,0m;Februar;-7,968;100,000;8062;8760
16;1600012;HAVNEGATA;R;706;1;8587;4;;;Yrkesdøgn;>= 16,0m;Mars;-26,687;100,000;7788;10623
16;1600012;HAVNEGATA;R;706;1;8587;4;;;Yrkesdøgn;>= 16,0m;April;19,088;99,000;8778;7371
16;1600012;HAVNEGATA;R;706;1;8587;4;;;Yrkesdøgn;>= 16,0m;Mai;-11,880;100,000;8397;9529
16;1600012;HAVNEGATA;R;706;1;8587;4;;;Yrkesdøgn;>= 16,0m;Juni;2,191;100,000;9421;9219
16;1600012;HAVNEGATA;R;706;1;8587;4;;;Yrkesdøgn;>= 16,0m;Juli;7,484;100,000;6549;6093
16;1600012;HAVNEGATA;R;706;1;8587;4;;;Yrkesdøgn;>= 16,0m;August;5,663;100,000;9516;9006
16;1600012;HAVNEGATA;R;706;1;8587;4;;;Yrkesdøgn;>= 16,0m;September;-10,015;100,000;8904;9895
16;1600012;HAVNEGATA;R;706;1;8587;4;;;Yrkesdøgn;>= 16,0m;Oktober;4,054;100,000;10061;9669
16;1600012;HAVNEGATA;R;706;1;8587;4;;;Yrkesdøgn;>= 16,0m;November;-2,738;99,000;9519;9787
16;1600012;HAVNEGATA;R;706;1;8587;4;;;Yrkesdøgn;>= 16,0m;Desember;-7,646;99,000;6788;7350
16;1600012;HAVNEGATA;R;706;1;8587;4;;;Yrkesdøgn;>= 16,0m;Siste 12 måneder;-3,617;99,000;93783;97302
16;1600012;HAVNEGATA;R;706;1;8587;4;;;Yrkesdøgn;>= 16,0m;Hittil i år;-3,617;99,000;93783;97302
16;1600012;HAVNEGATA;R;706;1;8587;4;;;Helgedøgn;Alle;Januar;-;-;-;-
16;1600012;HAVNEGATA;R;706;1;8587;4;;;Helgedøgn;Alle;Februar;0,195;100,000;91396;91218
16;1600012;HAVNEGATA;R;706;1;8587;4;;;Helgedøgn;Alle;Mars;15,701;100,000;107617;93013
16;1600012;HAVNEGATA;R;706;1;8587;4;;;Helgedøgn;Alle;April;-9,163;99,000;115695;127366
16;1600012;HAVNEGATA;R;706;1;8587;4;;;Helgedøgn;Alle;Mai;10,595;100,000;140335;126891
16;1600012;HAVNEGATA;R;706;1;8587;4;;;Helgedøgn;Alle;Juni;7,156;100,000;118427;110518
16;1600012;HAVNEGATA;R;706;1;8587;4;;;Helgedøgn;Alle;Juli;-10,725;100,000;87282;97768
16;1600012;HAVNEGATA;R;706;1;8587;4;;;Helgedøgn;Alle;August;13,300;100,000;106500;93998
16;1600012;HAVNEGATA;R;706;1;8587;4;;;Helgedøgn;Alle;September;22,077;100,000;125509;102811
16;1600012;HAVNEGATA;R;706;1;8587;4;;;Helgedøgn;Alle;Oktober;-6,802;100,000;100023;107323
16;1600012;HAVNEGATA;R;706;1;8587;4;;;Helgedøgn;Alle;November;3,165;100,000;108762;105425
16;1600012;HAVNEGATA;R;706;1;8587;4;;;Helgedøgn;Alle;Desember;0,979;100,000;136093;134774
16;1600012;HAVNEGATA;R;706;1;8587;4;;;Helgedøgn;Alle;Siste 12 måneder;3,907;99,000;1237639;1191105
16;1600012;HAVNEGATA;R;706;1;8587;4;;;Helgedøgn;Alle;Hittil i år;3,907;99,000;1237639;1191105
16;1600012;HAVNEGATA;R;706;1;8587;4;;;Helgedøgn;< 5,6m;Januar;-;-;-;-
16;1600012;HAVNEGATA;R;706;1;8587;4;;;Helgedøgn;< 5,6m;Februar;0,706;100,000;87883;87267
16;1600012;HAVNEGATA;R;706;1;8587;4;;;Helgedøgn;< 5,6m;Mars;15,791;100,000;103267;89184
16;1600012;HAVNEGATA;R;706;1;8587;4;;;Helgedøgn;< 5,6m;April;-8,923;99,000;111200;122095
16;1600012;HAVNEGATA;R;706;1;8587;4;;;Helgedøgn;< 5,6m;Mai;10,389;100,000;134252;121617
16;1600012;HAVNEGATA;R;706;1;8587;4;;;Helgedøgn;< 5,6m;Juni;6,669;100,000;111881;104886
16;1600012;HAVNEGATA;R;706;1;8587;4;;;Helgedøgn;< 5,6m;Juli;-11,424;100,000;81553;92071
16;1600012;HAVNEGATA;R;706;1;8587;4;;;Helgedøgn;< 5,6m;August;12,231;100,000;100550;89592
16;1600012;HAVNEGATA;R;706;1;8587;4;;;Helgedøgn;< 5,6m;September;21,984;100,000;119330;97824
16;1600012;HAVNEGATA;R;706;1;8587;4;;;Helgedøgn;< 5,6m;Oktober;-6,831;100,000;95763;102784
16;1600012;HAVNEGATA;R;706;1;8587;4;;;Helgedøgn;< 5,6m;November;3,407;100,000;104468;101026
16;1600012;HAVNEGATA;R;706;1;8587;4;;;Helgedøgn;< 5,6m;Desember;1,174;100,000;131728;130200
16;1600012;HAVNEGATA;R;706;1;8587;4;;;Helgedøgn;< 5,6m;Siste 12 måneder;3,806;99,000;1181875;1138546
16;1600012;HAVNEGATA;R;706;1;8587;4;;;Helgedøgn;< 5,6m;Hittil i år;3,806;99,000;1181875;1138546
16;1600012;HAVNEGATA;R;706;1;8587;4;;;Helgedøgn;>= 5,6m;Januar;-;-;-;-
16;1600012;HAVNEGATA;R;706;1;8587;4;;;Helgedøgn;>= 5,6m;Februar;-11,190;100,000;3492;3932
16;1600012;HAVNEGATA;R;706;1;8587;4;;;Helgedøgn;>= 5,6m;Mars;13,574;100,000;4334;3816
16;1600012;HAVNEGATA;R;706;1;8587;4;;;Helgedøgn;>= 5,6m;April;-15,138;99,000;4451;5245
16;1600012;HAVNEGATA;R;706;1;8587;4;;;Helgedøgn;>= 5,6m;Mai;15,151;100,000;6027;5234
16;1600012;HAVNEGATA;R;706;1;8587;4;;;Helgedøgn;>= 5,6m;Juni;16,202;100,000;6498;5592
16;1600012;HAVNEGATA;R;706;1;8587;4;;;Helgedøgn;>= 5,6m;Juli;0,493;100,000;5713;5685
16;1600012;HAVNEGATA;R;706;1;8587;4;;;Helgedøgn;>= 5,6m;August;34,779;100,000;5906;4382
16;1600012;HAVNEGATA;R;706;1;8587;4;;;Helgedøgn;>= 5,6m;September;23,781;100,000;6142;4962
16;1600012;HAVNEGATA;R;706;1;8587;4;;;Helgedøgn;>= 5,6m;Oktober;-6,552;100,000;4222;4518
16;1600012;HAVNEGATA;R;706;1;8587;4;;;Helgedøgn;>= 5,6m;November;-2,729;100,000;4242;4361
16;1600012;HAVNEGATA;R;706;1;8587;4;;;Helgedøgn;>= 5,6m;Desember;-4,538;100,000;4333;4539
16;1600012;HAVNEGATA;R;706;1;8587;4;;;Helgedøgn;>= 5,6m;Siste 12 måneder;5,920;99,000;55360;52266
16;1600012;HAVNEGATA;R;706;1;8587;4;;;Helgedøgn;>= 5,6m;Hittil i år;5,920;99,000;55360;52266
16;1600012;HAVNEGATA;R;706;1;8587;4;;;Helgedøgn;5,6m - 7,6m;Januar;-;-;-;-
16;1600012;HAVNEGATA;R;706;1;8587;4;;;Helgedøgn;5,6m - 7,6m;Februar;0,644;100,000;1251;1243
16;1600012;HAVNEGATA;R;706;1;8587;4;;;Helgedøgn;5,6m - 7,6m;Mars;20,603;100,000;1399;1160
16;1600012;HAVNEGATA;R;706;1;8587;4;;;Helgedøgn;5,6m - 7,6m;April;-15,910;99,000;1538;1829
16;1600012;HAVNEGATA;R;706;1;8587;4;;;Helgedøgn;5,6m - 7,6m;Mai;13,985;100,000;1948;1709
16;1600012;HAVNEGATA;R;706;1;8587;4;;;Helgedøgn;5,6m - 7,6m;Juni;11,564;100,000;2055;1842
16;1600012;HAVNEGATA;R;706;1;8587;4;;;Helgedøgn;5,6m - 7,6m;Juli;-15,974;100,000;1699;2022
16;1600012;HAVNEGATA;R;706;1;8587;4;;;Helgedøgn;5,6m - 7,6m;August;19,549;100,000;1963;1642
16;1600012;HAVNEGATA;R;706;1;8587;4;;;Helgedøgn;5,6m - 7,6m;September;19,652;100,000;1924;1608
16;1600012;HAVNEGATA;R;706;1;8587;4;;;Helgedøgn;5,6m - 7,6m;Oktober;-17,781;100,000;1304;1586
16;1600012;HAVNEGATA;R;706;1;8587;4;;;Helgedøgn;5,6m - 7,6m;November;-7,462;100,000;1451;1568
16;1600012;HAVNEGATA;R;706;1;8587;4;;;Helgedøgn;5,6m - 7,6m;Desember;-15,079;100,000;1391;1638
16;1600012;HAVNEGATA;R;706;1;8587;4;;;Helgedøgn;5,6m - 7,6m;Siste 12 måneder;0,426;99,000;17923;17847
16;1600012;HAVNEGATA;R;706;1;8587;4;;;Helgedøgn;5,6m - 7,6m;Hittil i år;0,426;99,000;17923;17847
16;1600012;HAVNEGATA;R;706;1;8587;4;;;Helgedøgn;7,6m - 12,5m;Januar;-;-;-;-
16;1600012;HAVNEGATA;R;706;1;8587;4;;;Helgedøgn;7,6m - 12,5m;Februar;-10,478;100,000;880;983
16;1600012;HAVNEGATA;R;706;1;8587;4;;;Helgedøgn;7,6m - 12,5m;Mars;23,120;100,000;1097;891
16;1600012;HAVNEGATA;R;706;1;8587;4;;;Helgedøgn;7,6m - 12,5m;April;-12,438;99,000;1232;1407
16;1600012;HAVNEGATA;R;706;1;8587;4;;;Helgedøgn;7,6m - 12,5m;Mai;14,845;100,000;1818;1583
16;1600012;HAVNEGATA;R;706;1;8587;4;;;Helgedøgn;7,6m - 12,5m;Juni;19,099;100,000;1983;1665
16;1600012;HAVNEGATA;R;706;1;8587;4;;;Helgedøgn;7,6m - 12,5m;Juli;-5,339;100,000;1649;1742
16;1600012;HAVNEGATA;R;706;1;8587;4;;;Helgedøgn;7,6m - 12,5m;August;37,673;100,000;1787;1298
16;1600012;HAVNEGATA;R;706;1;8587;4;;;Helgedøgn;7,6m - 12,5m;September;36,382;100,000;1983;1454
16;1600012;HAVNEGATA;R;706;1;8587;4;;;Helgedøgn;7,6m - 12,5m;Oktober;5,084;100,000;1447;1377
16;1600012;HAVNEGATA;R;706;1;8587;4;;;Helgedøgn;7,6m - 12,5m;November;-1,833;100,000;1232;1255
16;1600012;HAVNEGATA;R;706;1;8587;4;;;Helgedøgn;7,6m - 12,5m;Desember;6,324;100,000;1160;1091
16;1600012;HAVNEGATA;R;706;1;8587;4;;;Helgedøgn;7,6m - 12,5m;Siste 12 måneder;10,321;99,000;16268;14746
16;1600012;HAVNEGATA;R;706;1;8587;4;;;Helgedøgn;7,6m - 12,5m;Hittil i år;10,321;99,000;16268;14746
16;1600012;HAVNEGATA;R;706;1;8587;4;;;Helgedøgn;12,5m - 16,0m;Januar;-;-;-;-
16;1600012;HAVNEGATA;R;706;1;8587;4;;;Helgedøgn;12,5m - 16,0m;Februar;-26,263;100,000;1022;1386
16;1600012;HAVNEGATA;R;706;1;8587;4;;;Helgedøgn;12,5m - 16,0m;Mars;1,009;100,000;1402;1388
16;1600012;HAVNEGATA;R;706;1;8587;4;;;Helgedøgn;12,5m - 16,0m;April;-20,235;99,000;1222;1532
16;1600012;HAVNEGATA;R;706;1;8587;4;;;Helgedøgn;12,5m - 16,0m;Mai;15,333;100,000;1542;1337
16;1600012;HAVNEGATA;R;706;1;8587;4;;;Helgedøgn;12,5m - 16,0m;Juni;18,305;100,000;1926;1628
16;1600012;HAVNEGATA;R;706;1;8587;4;;;Helgedøgn;12,5m - 16,0m;Juli;33,552;100,000;2038;1526
16;1600012;HAVNEGATA;R;706;1;8587;4;;;Helgedøgn;12,5m - 16,0m;August;50,648;100,000;1743;1157
16;1600012;HAVNEGATA;R;706;1;8587;4;;;Helgedøgn;12,5m - 16,0m;September;11,637;100,000;1487;1332
16;1600012;HAVNEGATA;R;706;1;8587;4;;;Helgedøgn;12,5m - 16,0m;Oktober;-18,256;100,000;1003;1227
16;1600012;HAVNEGATA;R;706;1;8587;4;;;Helgedøgn;12,5m - 16,0m;November;-7,752;100,000;1071;1161
16;1600012;HAVNEGATA;R;706;1;8587;4;;;Helgedøgn;12,5m - 16,0m;Desember;-26,857;100,000;896;1225
16;1600012;HAVNEGATA;R;706;1;8587;4;;;Helgedøgn;12,5m - 16,0m;Siste 12 måneder;3,040;99,000;15352;14899
16;1600012;HAVNEGATA;R;706;1;8587;4;;;Helgedøgn;12,5m - 16,0m;Hittil i år;3,040;99,000;15352;14899
16;1600012;HAVNEGATA;R;706;1;8587;4;;;Helgedøgn;>= 16,0m;Januar;-;-;-;-
16;1600012;HAVNEGATA;R;706;1;8587;4;;;Helgedøgn;>= 16,0m;Februar;5,937;100,000;339;320
16;1600012;HAVNEGATA;R;706;1;8587;4;;;Helgedøgn;>= 16,0m;Mars;15,650;100,000;436;377
16;1600012;HAVNEGATA;R;706;1;8587;4;;;Helgedøgn;>= 16,0m;April;-3,774;99,000;459;477
16;1600012;HAVNEGATA;R;706;1;8587;4;;;Helgedøgn;>= 16,0m;Mai;18,843;100,000;719;605
16;1600012;HAVNEGATA;R;706;1;8587;4;;;Helgedøgn;>= 16,0m;Juni;16,849;100,000;534;457
16;1600012;HAVNEGATA;R;706;1;8587;4;;;Helgedøgn;>= 16,0m;Juli;-17,215;100,000;327;395
16;1600012;HAVNEGATA;R;706;1;8587;4;;;Helgedøgn;>= 16,0m;August;44,912;100,000;413;285
16;1600012;HAVNEGATA;R;706;1;8587;4;;;Helgedøgn;>= 16,0m;September;31,690;100,000;748;568
16;1600012;HAVNEGATA;R;706;1;8587;4;;;Helgedøgn;>= 16,0m;Oktober;42,683;100,000;468;328
16;1600012;HAVNEGATA;R;706;1;8587;4;;;Helgedøgn;>= 16,0m;November;29,443;100,000;488;377
16;1600012;HAVNEGATA;R;706;1;8587;4;;;Helgedøgn;>= 16,0m;Desember;51,453;100,000;886;585
16;1600012;HAVNEGATA;R;706;1;8587;4;;;Helgedøgn;>= 16,0m;Siste 12 måneder;21,848;99,000;5817;4774
16;1600012;HAVNEGATA;R;706;1;8587;4;;;Helgedøgn;>= 16,0m;Hittil i år;21,848;99,000;5817;4774
16;1600149;STRINDHEIMTUNNELEN;R;706;2;1340;4;;;Alle;Alle;Januar;9,133;99,000;642499;588729
16;1600149;STRINDHEIMTUNNELEN;R;706;2;1340;4;;;Alle;Alle;Februar;7,906;100,000;584892;542040
16;1600149;STRINDHEIMTUNNELEN;R;706;2;1340;4;;;Alle;Alle;Mars;-3,693;99,000;607055;630336
16;1600149;STRINDHEIMTUNNELEN;R;706;2;1340;4;;;Alle;Alle;April;25,085;99,000;643913;514782
16;1600149;STRINDHEIMTUNNELEN;R;706;2;1340;4;;;Alle;Alle;Mai;4,460;100,000;635528;608393
16;1600149;STRINDHEIMTUNNELEN;R;706;2;1340;4;;;Alle;Alle;Juni;8,551;100,000;662287;610118
16;1600149;STRINDHEIMTUNNELEN;R;706;2;1340;4;;;Alle;Alle;Juli;2,422;100,000;499752;487935
16;1600149;STRINDHEIMTUNNELEN;R;706;2;1340;4;;;Alle;Alle;August;6,169;100,000;679638;640149
16;1600149;STRINDHEIMTUNNELEN;R;706;2;1340;4;;;Alle;Alle;September;5,128;100,000;658496;626378
16;1600149;STRINDHEIMTUNNELEN;R;706;2;1340;4;;;Alle;Alle;Oktober;5,322;100,000;696026;660857
16;1600149;STRINDHEIMTUNNELEN;R;706;2;1340;4;;;Alle;Alle;November;-0,599;99,000;692305;696477
16;1600149;STRINDHEIMTUNNELEN;R;706;2;1340;4;;;Alle;Alle;Desember;-3,790;99,000;628550;653309
16;1600149;STRINDHEIMTUNNELEN;R;706;2;1340;4;;;Alle;Alle;Siste 12 måneder;5,117;99,000;7630941;7259503
16;1600149;STRINDHEIMTUNNELEN;R;706;2;1340;4;;;Alle;Alle;Hittil i år;5,117;99,000;7630941;7259503
16;1600149;STRINDHEIMTUNNELEN;R;706;2;1340;4;;;Alle;< 5,6m;Januar;9,289;99,000;597804;546993
16;1600149;STRINDHEIMTUNNELEN;R;706;2;1340;4;;;Alle;< 5,6m;Februar;8,354;100,000;544453;502475
16;1600149;STRINDHEIMTUNNELEN;R;706;2;1340;4;;;Alle;< 5,6m;Mars;-3,272;99,000;565550;584681
16;1600149;STRINDHEIMTUNNELEN;R;706;2;1340;4;;;Alle;< 5,6m;April;24,630;99,000;597256;479224
16;1600149;STRINDHEIMTUNNELEN;R;706;2;1340;4;;;Alle;< 5,6m;Mai;4,744;100,000;587880;561254
16;1600149;STRINDHEIMTUNNELEN;R;706;2;1340;4;;;Alle;< 5,6m;Juni;8,298;100,000;605811;559393
16;1600149;STRINDHEIMTUNNELEN;R;706;2;1340;4;;;Alle;< 5,6m;Juli;1,655;100,000;452369;445004
16;1600149;STRINDHEIMTUNNELEN;R;706;2;1340;4;;;Alle;< 5,6m;August;6,183;100,000;622869;586598
16;1600149;STRINDHEIMTUNNELEN;R;706;2;1340;4;;;Alle;< 5,6m;September;5,362;100,000;607468;576553
16;1600149;STRINDHEIMTUNNELEN;R;706;2;1340;4;;;Alle;< 5,6m;Oktober;4,986;100,000;640661;610237
16;1600149;STRINDHEIMTUNNELEN;R;706;2;1340;4;;;Alle;< 5,6m;November;-0,893;99,000;639346;645104
16;1600149;STRINDHEIMTUNNELEN;R;706;2;1340;4;;;Alle;< 5,6m;Desember;-3,661;99,000;591510;613985
16;1600149;STRINDHEIMTUNNELEN;R;706;2;1340;4;;;Alle;< 5,6m;Siste 12 måneder;5,088;99,000;7052977;6711501
16;1600149;STRINDHEIMTUNNELEN;R;706;2;1340;4;;;Alle;< 5,6m;Hittil i år;5,088;99,000;7052977;6711501
16;1600149;STRINDHEIMTUNNELEN;R;706;2;1340;4;;;Alle;>= 5,6m;Januar;7,085;99,000;44679;41723
16;1600149;STRINDHEIMTUNNELEN;R;706;2;1340;4;;;Alle;>= 5,6m;Februar;2,197;100,000;40427;39558
16;1600149;STRINDHEIMTUNNELEN;R;706;2;1340;4;;;Alle;>= 5,6m;Mars;-9,105;99,000;41487;45643
16;1600149;STRINDHEIMTUNNELEN;R;706;2;1340;4;;;Alle;>= 5,6m;April;31,237;99,000;46639;35538
16;1600149;STRINDHEIMTUNNELEN;R;706;2;1340;4;;;Alle;>= 5,6m;Mai;1,078;100,000;47631;47123
16;1600149;STRINDHEIMTUNNELEN;R;706;2;1340;4;;;Alle;>= 5,6m;Juni;11,343;100,000;56441;50691
16;1600149;STRINDHEIMTUNNELEN;R;706;2;1340;4;;;Alle;>= 5,6m;Juli;10,391;100,000;47361;42903
16;1600149;STRINDHEIMTUNNELEN;R;706;2;1340;4;;;Alle;>= 5,6m;August;6,004;100,000;56730;53517
16;1600149;STRINDHEIMTUNNELEN;R;706;2;1340;4;;;Alle;>= 5,6m;September;2,448;100,000;51005;49786
16;1600149;STRINDHEIMTUNNELEN;R;706;2;1340;4;;;Alle;>= 5,6m;Oktober;9,442;100,000;55347;50572
16;1600149;STRINDHEIMTUNNELEN;R;706;2;1340;4;;;Alle;>= 5,6m;November;3,081;99,000;52925;51343
16;1600149;STRINDHEIMTUNNELEN;R;706;2;1340;4;;;Alle;>= 5,6m;Desember;-5,815;99,000;37024;39310
16;1600149;STRINDHEIMTUNNELEN;R;706;2;1340;4;;;Alle;>= 5,6m;Siste 12 måneder;5,475;99,000;577696;547707
16;1600149;STRINDHEIMTUNNELEN;R;706;2;1340;4;;;Alle;>= 5,6m;Hittil i år;5,475;99,000;577696;547707
16;1600149;STRINDHEIMTUNNELEN;R;706;2;1340;4;;;Alle;5,6m - 7,6m;Januar;9,251;99,000;15494;14182
16;1600149;STRINDHEIMTUNNELEN;R;706;2;1340;4;;;Alle;5,6m - 7,6m;Februar;6,179;100,000;14366;13530
16;1600149;STRINDHEIMTUNNELEN;R;706;2;1340;4;;;Alle;5,6m - 7,6m;Mars;-2,215;99,000;14615;14946
16;1600149;STRINDHEIMTUNNELEN;R;706;2;1340;4;;;Alle;5,6m - 7,6m;April;29,732;99,000;15512;11957
16;1600149;STRINDHEIMTUNNELEN;R;706;2;1340;4;;;Alle;5,6m - 7,6m;Mai;5,073;100,000;16010;15237
16;1600149;STRINDHEIMTUNNELEN;R;706;2;1340;4;;;Alle;5,6m - 7,6m;Juni;14,920;100,000;19310;16803
16;1600149;STRINDHEIMTUNNELEN;R;706;2;1340;4;;;Alle;5,6m - 7,6m;Juli;10,599;100,000;17698;16002
16;1600149;STRINDHEIMTUNNELEN;R;706;2;1340;4;;;Alle;5,6m - 7,6m;August;8,987;100,000;20276;18604
16;1600149;STRINDHEIMTUNNELEN;R;706;2;1340;4;;;Alle;5,6m - 7,6m;September;4,360;100,000;17187;16469
16;1600149;STRINDHEIMTUNNELEN;R;706;2;1340;4;;;Alle;5,6m - 7,6m;Oktober;9,974;100,000;18457;16783
16;1600149;STRINDHEIMTUNNELEN;R;706;2;1340;4;;;Alle;5,6m - 7,6m;November;-0,764;99,000;17527;17662
16;1600149;STRINDHEIMTUNNELEN;R;706;2;1340;4;;;Alle;5,6m - 7,6m;Desember;-5,568;99,000;13398;14188
16;1600149;STRINDHEIMTUNNELEN;R;706;2;1340;4;;;Alle;5,6m - 7,6m;Siste 12 måneder;7,237;99,000;199850;186363
16;1600149;STRINDHEIMTUNNELEN;R;706;2;1340;4;;;Alle;5,6m - 7,6m;Hittil i år;7,237;99,000;199850;186363
16;1600149;STRINDHEIMTUNNELEN;R;706;2;1340;4;;;Alle;7,6m - 12,5m;Januar;1,417;99,000;12807;12628
16;1600149;STRINDHEIMTUNNELEN;R;706;2;1340;4;;;Alle;7,6m - 12,5m;Februar;3,441;100,000;11963;11565
16;1600149;STRINDHEIMTUNNELEN;R;706;2;1340;4;;;Alle;7,6m - 12,5m;Mars;-17,318;99,000;11917;14413
16;1600149;STRINDHEIMTUNNELEN;R;706;2;1340;4;;;Alle;7,6m - 12,5m;April;26,701;99,000;14074;11108
16;1600149;STRINDHEIMTUNNELEN;R;706;2;1340;4;;;Alle;7,6m - 12,5m;Mai;7,538;100,000;15806;14698
16;1600149;STRINDHEIMTUNNELEN;R;706;2;1340;4;;;Alle;7,6m - 12,5m;Juni;4,706;100,000;17177;16405
16;1600149;STRINDHEIMTUNNELEN;R;706;2;1340;4;;;Alle;7,6m - 12,5m;Juli;11,297;100,000;14936;13420
16;1600149;STRINDHEIMTUNNELEN;R;706;2;1340;4;;;Alle;7,6m - 12,5m;August;5,018;100,000;17851;16998
16;1600149;STRINDHEIMTUNNELEN;R;706;2;1340;4;;;Alle;7,6m - 12,5m;September;0,765;100,000;15928;15807
16;1600149;STRINDHEIMTUNNELEN;R;706;2;1340;4;;;Alle;7,6m - 12,5m;Oktober;6,808;100,000;17446;16334
16;1600149;STRINDHEIMTUNNELEN;R;706;2;1340;4;;;Alle;7,6m - 12,5m;November;1,197;99,000;16818;16619
16;1600149;STRINDHEIMTUNNELEN;R;706;2;1340;4;;;Alle;7,6m - 12,5m;Desember;-3,111;99,000;11369;11734
16;1600149;STRINDHEIMTUNNELEN;R;706;2;1340;4;;;Alle;7,6m - 12,5m;Siste 12 måneder;3,705;99,000;178092;171729
16;1600149;STRINDHEIMTUNNELEN;R;706;2;1340;4;;;Alle;7,6m - 12,5m;Hittil i år;3,705;99,000;178092;171729
16;1600149;STRINDHEIMTUNNELEN;R;706;2;1340;4;;;Alle;12,5m - 16,0m;Januar;13,887;99,000;8078;7093
16;1600149;STRINDHEIMTUNNELEN;R;706;2;1340;4;;;Alle;12,5m - 16,0m;Februar;-1,110;100,000;6593;6667
16;1600149;STRINDHEIMTUNNELEN;R;706;2;1340;4;;;Alle;12,5m - 16,0m;Mars;2,291;99,000;7413;7247
16;1600149;STRINDHEIMTUNNELEN;R;706;2;1340;4;;;Alle;12,5m - 16,0m;April;46,026;99,000;8452;5788
16;1600149;STRINDHEIMTUNNELEN;R;706;2;1340;4;;;Alle;12,5m - 16,0m;Mai;-9,500;100,000;7373;8147
16;1600149;STRINDHEIMTUNNELEN;R;706;2;1340;4;;;Alle;12,5m - 16,0m;Juni;23,546;100,000;10242;8290
16;1600149;STRINDHEIMTUNNELEN;R;706;2;1340;4;;;Alle;12,5m - 16,0m;Juli;6,855;100,000;6796;6360
16;1600149;STRINDHEIMTUNNELEN;R;706;2;1340;4;;;Alle;12,5m - 16,0m;August;5,496;100,000;8734;8279
16;1600149;STRINDHEIMTUNNELEN;R;706;2;1340;4;;;Alle;12,5m - 16,0m;September;9,445;100,000;8482;7750
16;1600149;STRINDHEIMTUNNELEN;R;706;2;1340;4;;;Alle;12,5m - 16,0m;Oktober;16,346;100,000;9445;8118
16;1600149;STRINDHEIMTUNNELEN;R;706;2;1340;4;;;Alle;12,5m - 16,0m;November;17,728;99,000;9244;7852
16;1600149;STRINDHEIMTUNNELEN;R;706;2;1340;4;;;Alle;12,5m - 16,0m;Desember;-9,674;99,000;5826;6450
16;1600149;STRINDHEIMTUNNELEN;R;706;2;1340;4;;;Alle;12,5m - 16,0m;Siste 12 måneder;9,810;99,000;96678;88041
16;1600149;STRINDHEIMTUNNELEN;R;706;2;1340;4;;;Alle;12,5m - 16,0m;Hittil i år;9,810;99,000;96678;88041
16;1600149;STRINDHEIMTUNNELEN;R;706;2;1340;4;;;Alle;>= 16,0m;Januar;6,138;99,000;8300;7820
16;1600149;STRINDHEIMTUNNELEN;R;706;2;1340;4;;;Alle;>= 16,0m;Februar;-3,733;100,000;7505;7796
16;1600149;STRINDHEIMTUNNELEN;R;706;2;1340;4;;;Alle;>= 16,0m;Mars;-16,543;99,000;7542;9037
16;1600149;STRINDHEIMTUNNELEN;R;706;2;1340;4;;;Alle;>= 16,0m;April;28,661;99,000;8601;6685
16;1600149;STRINDHEIMTUNNELEN;R;706;2;1340;4;;;Alle;>= 16,0m;Mai;-6,625;100,000;8442;9041
16;1600149;STRINDHEIMTUNNELEN;R;706;2;1340;4;;;Alle;>= 16,0m;Juni;5,646;100,000;9712;9193
16;1600149;STRINDHEIMTUNNELEN;R;706;2;1340;4;;;Alle;>= 16,0m;Juli;11,375;100,000;7931;7121
16;1600149;STRINDHEIMTUNNELEN;R;706;2;1340;4;;;Alle;>= 16,0m;August;2,418;100,000;9869;9636
16;1600149;STRINDHEIMTUNNELEN;R;706;2;1340;4;;;Alle;>= 16,0m;September;-3,607;100,000;9408;9760
16;1600149;STRINDHEIMTUNNELEN;R;706;2;1340;4;;;Alle;>= 16,0m;Oktober;7,090;100,000;9999;9337
16;1600149;STRINDHEIMTUNNELEN;R;706;2;1340;4;;;Alle;>= 16,0m;November;1,368;99,000;9336;9210
16;1600149;STRINDHEIMTUNNELEN;R;706;2;1340;4;;;Alle;>= 16,0m;Desember;-7,308;99,000;6431;6938
16;1600149;STRINDHEIMTUNNELEN;R;706;2;1340;4;;;Alle;>= 16,0m;Siste 12 måneder;1,479;99,000;103076;101574
16;1600149;STRINDHEIMTUNNELEN;R;706;2;1340;4;;;Alle;>= 16,0m;Hittil i år;1,479;99,000;103076;101574
16;1600149;STRINDHEIMTUNNELEN;R;706;2;1340;4;;;Yrkesdøgn;Alle;Januar;10,043;99,000;520149;472678
16;1600149;STRINDHEIMTUNNELEN;R;706;2;1340;4;;;Yrkesdøgn;Alle;Februar;7,783;100,000;469888;435958
16;1600149;STRINDHEIMTUNNELEN;R;706;2;1340;4;;;Yrkesdøgn;Alle;Mars;-9,316;99,000;470462;518791
16;1600149;STRINDHEIMTUNNELEN;R;706;2;1340;4;;;Yrkesdøgn;Alle;April;35,675;99,000;498112;367135
16;1600149;STRINDHEIMTUNNELEN;R;706;2;1340;4;;;Yrkesdøgn;Alle;Mai;1,425;100,000;465614;459070
16;1600149;STRINDHEIMTUNNELEN;R;706;2;1340;4;;;Yrkesdøgn;Alle;Juni;7,332;100,000;521455;485833
16;1600149;STRINDHEIMTUNNELEN;R;706;2;1340;4;;;Yrkesdøgn;Alle;Juli;7,208;100,000;394676;368140
16;1600149;STRINDHEIMTUNNELEN;R;706;2;1340;4;;;Yrkesdøgn;Alle;August;5,290;100,000;549243;521646
16;1600149;STRINDHEIMTUNNELEN;R;706;2;1340;4;;;Yrkesdøgn;Alle;September;0,562;100,000;498668;495879
16;1600149;STRINDHEIMTUNNELEN;R;706;2;1340;4;;;Yrkesdøgn;Alle;Oktober;8,855;100,000;572239;525688
16;1600149;STRINDHEIMTUNNELEN;R;706;2;1340;4;;;Yrkesdøgn;Alle;November;-0,820;99,000;557805;562416
16;1600149;STRINDHEIMTUNNELEN;R;706;2;1340;4;;;Yrkesdøgn;Alle;Desember;-6,546;99,000;451515;483139
16;1600149;STRINDHEIMTUNNELEN;R;706;2;1340;4;;;Yrkesdøgn;Alle;Siste 12 måneder;4,800;99,000;5969826;5696373
16;1600149;STRINDHEIMTUNNELEN;R;706;2;1340;4;;;Yrkesdøgn;Alle;Hittil i år;4,800;99,000;5969826;5696373
16;1600149;STRINDHEIMTUNNELEN;R;706;2;1340;4;;;Yrkesdøgn;< 5,6m;Januar;10,266;99,000;479398;434765
16;1600149;STRINDHEIMTUNNELEN;R;706;2;1340;4;;;Yrkesdøgn;< 5,6m;Februar;8,269;100,000;433198;400114
16;1600149;STRINDHEIMTUNNELEN;R;706;2;1340;4;;;Yrkesdøgn;< 5,6m;Mars;-9,028;99,000;433635;476670
16;1600149;STRINDHEIMTUNNELEN;R;706;2;1340;4;;;Yrkesdøgn;< 5,6m;April;35,477;99,000;456589;337023
16;1600149;STRINDHEIMTUNNELEN;R;706;2;1340;4;;;Yrkesdøgn;< 5,6m;Mai;1,626;100,000;424739;417945
16;1600149;STRINDHEIMTUNNELEN;R;706;2;1340;4;;;Yrkesdøgn;< 5,6m;Juni;7,064;100,000;472311;441148
16;1600149;STRINDHEIMTUNNELEN;R;706;2;1340;4;;;Yrkesdøgn;< 5,6m;Juli;6,648;100,000;353558;331519
16;1600149;STRINDHEIMTUNNELEN;R;706;2;1340;4;;;Yrkesdøgn;< 5,6m;August;5,334;100,000;498789;473529
16;1600149;STRINDHEIMTUNNELEN;R;706;2;1340;4;;;Yrkesdøgn;< 5,6m;September;0,688;100,000;454878;451769
16;1600149;STRINDHEIMTUNNELEN;R;706;2;1340;4;;;Yrkesdøgn;< 5,6m;Oktober;8,685;100,000;521925;480218
16;1600149;STRINDHEIMTUNNELEN;R;706;2;1340;4;;;Yrkesdøgn;< 5,6m;November;-1,142;99,000;509969;515860
16;1600149;STRINDHEIMTUNNELEN;R;706;2;1340;4;;;Yrkesdøgn;< 5,6m;Desember;-6,439;99,000;419651;448531
16;1600149;STRINDHEIMTUNNELEN;R;706;2;1340;4;;;Yrkesdøgn;< 5,6m;Siste 12 måneder;4,791;99,000;5458640;5209091
16;1600149;STRINDHEIMTUNNELEN;R;706;2;1340;4;;;Yrkesdøgn;< 5,6m;Hittil i år;4,791;99,000;5458640;5209091
16;1600149;STRINDHEIMTUNNELEN;R;706;2;1340;4;;;Yrkesdøgn;>= 5,6m;Januar;7,477;99,000;40735;37901
16;1600149;STRINDHEIMTUNNELEN;R;706;2;1340;4;;;Yrkesdøgn;>= 5,6m;Februar;2,347;100,000;36678;35837
16;1600149;STRINDHEIMTUNNELEN;R;706;2;1340;4;;;Yrkesdøgn;>= 5,6m;Mars;-12,586;99,000;36810;42110
16;1600149;STRINDHEIMTUNNELEN;R;706;2;1340;4;;;Yrkesdøgn;>= 5,6m;April;37,918;99,000;41505;30094
16;1600149;STRINDHEIMTUNNELEN;R;706;2;1340;4;;;Yrkesdøgn;>= 5,6m;Mai;-0,613;100,000;40859;41111
16;1600149;STRINDHEIMTUNNELEN;R;706;2;1340;4;;;Yrkesdøgn;>= 5,6m;Juni;9,988;100,000;49112;44652
16;1600149;STRINDHEIMTUNNELEN;R;706;2;1340;4;;;Yrkesdøgn;>= 5,6m;Juli;12,302;100,000;41097;36595
16;1600149;STRINDHEIMTUNNELEN;R;706;2;1340;4;;;Yrkesdøgn;>= 5,6m;August;4,850;100,000;50417;48085
16;1600149;STRINDHEIMTUNNELEN;R;706;2;1340;4;;;Yrkesdøgn;>= 5,6m;September;-0,690;100,000;43769;44073
16;1600149;STRINDHEIMTUNNELEN;R;706;2;1340;4;;;Yrkesdøgn;>= 5,6m;Oktober;10,730;100,000;50296;45422
16;1600149;STRINDHEIMTUNNELEN;R;706;2;1340;4;;;Yrkesdøgn;>= 5,6m;November;2,745;99,000;47803;46526
16;1600149;STRINDHEIMTUNNELEN;R;706;2;1340;4;;;Yrkesdøgn;>= 5,6m;Desember;-7,937;99,000;31850;34596
16;1600149;STRINDHEIMTUNNELEN;R;706;2;1340;4;;;Yrkesdøgn;>= 5,6m;Siste 12 måneder;4,914;99,000;510931;487002
16;1600149;STRINDHEIMTUNNELEN;R;706;2;1340;4;;;Yrkesdøgn;>= 5,6m;Hittil i år;4,914;99,000;510931;487002
16;1600149;STRINDHEIMTUNNELEN;R;706;2;1340;4;;;Yrkesdøgn;5,6m - 7,6m;Januar;9,837;99,000;13935;12687
16;1600149;STRINDHEIMTUNNELEN;R;706;2;1340;4;;;Yrkesdøgn;5,6m - 7,6m;Februar;6,456;100,000;12829;12051
16;1600149;STRINDHEIMTUNNELEN;R;706;2;1340;4;;;Yrkesdøgn;5,6m - 7,6m;Mars;-5,775;99,000;12792;13576
16;1600149;STRINDHEIMTUNNELEN;R;706;2;1340;4;;;Yrkesdøgn;5,6m - 7,6m;April;37,992;99,000;13486;9773
16;1600149;STRINDHEIMTUNNELEN;R;706;2;1340;4;;;Yrkesdøgn;5,6m - 7,6m;Mai;2,994;100,000;13383;12994
16;1600149;STRINDHEIMTUNNELEN;R;706;2;1340;4;;;Yrkesdøgn;5,6m - 7,6m;Juni;12,921;100,000;16413;14535
16;1600149;STRINDHEIMTUNNELEN;R;706;2;1340;4;;;Yrkesdøgn;5,6m - 7,6m;Juli;13,554;100,000;14988;13199
16;1600149;STRINDHEIMTUNNELEN;R;706;2;1340;4;;;Yrkesdøgn;5,6m - 7,6m;August;7,634;100,000;17441;16204
16;1600149;STRINDHEIMTUNNELEN;R;706;2;1340;4;;;Yrkesdøgn;5,6m - 7,6m;September;1,421;100,000;14487;14284
16;1600149;STRINDHEIMTUNNELEN;R;706;2;1340;4;;;Yrkesdøgn;5,6m - 7,6m;Oktober;11,374;100,000;16519;14832
16;1600149;STRINDHEIMTUNNELEN;R;706;2;1340;4;;;Yrkesdøgn;5,6m - 7,6m;November;-1,045;99,000;15625;15790
16;1600149;STRINDHEIMTUNNELEN;R;706;2;1340;4;;;Yrkesdøgn;5,6m - 7,6m;Desember;-8,182;99,000;11222;12222
16;1600149;STRINDHEIMTUNNELEN;R;706;2;1340;4;;;Yrkesdøgn;5,6m - 7,6m;Siste 12 måneder;6,767;99,000;173120;162147
16;1600149;STRINDHEIMTUNNELEN;R;706;2;1340;4;;;Yrkesdøgn;5,6m - 7,6m;Hittil i år;6,767;99,000;173120;162147
16;1600149;STRINDHEIMTUNNELEN;R;706;2;1340;4;;;Yrkesdøgn;7,6m - 12,5m;Januar;2,521;99,000;11917;11624
16;1600149;STRINDHEIMTUNNELEN;R;706;2;1340;4;;;Yrkesdøgn;7,6m - 12,5m;Februar;3,717;100,000;10994;10600
16;1600149;STRINDHEIMTUNNELEN;R;706;2;1340;4;;;Yrkesdøgn;7,6m - 12,5m;Mars;-20,489;99,000;10730;13495
16;1600149;STRINDHEIMTUNNELEN;R;706;2;1340;4;;;Yrkesdøgn;7,6m - 12,5m;April;30,740;99,000;12619;9652
16;1600149;STRINDHEIMTUNNELEN;R;706;2;1340;4;;;Yrkesdøgn;7,6m - 12,5m;Mai;6,974;100,000;13851;12948
16;1600149;STRINDHEIMTUNNELEN;R;706;2;1340;4;;;Yrkesdøgn;7,6m - 12,5m;Juni;4,041;100,000;15063;14478
16;1600149;STRINDHEIMTUNNELEN;R;706;2;1340;4;;;Yrkesdøgn;7,6m - 12,5m;Juli;13,157;100,000;13124;11598
16;1600149;STRINDHEIMTUNNELEN;R;706;2;1340;4;;;Yrkesdøgn;7,6m - 12,5m;August;3,516;100,000;15867;15328
16;1600149;STRINDHEIMTUNNELEN;R;706;2;1340;4;;;Yrkesdøgn;7,6m - 12,5m;September;-2,925;100,000;13709;14122
16;1600149;STRINDHEIMTUNNELEN;R;706;2;1340;4;;;Yrkesdøgn;7,6m - 12,5m;Oktober;7,292;100,000;15817;14742
16;1600149;STRINDHEIMTUNNELEN;R;706;2;1340;4;;;Yrkesdøgn;7,6m - 12,5m;November;2,892;99,000;15407;14974
16;1600149;STRINDHEIMTUNNELEN;R;706;2;1340;4;;;Yrkesdøgn;7,6m - 12,5m;Desember;-4,125;99,000;10087;10521
16;1600149;STRINDHEIMTUNNELEN;R;706;2;1340;4;;;Yrkesdøgn;7,6m - 12,5m;Siste 12 måneder;3,312;99,000;159185;154082
16;1600149;STRINDHEIMTUNNELEN;R;706;2;1340;4;;;Yrkesdøgn;7,6m - 12,5m;Hittil i år;3,312;99,000;159185;154082
16;1600149;STRINDHEIMTUNNELEN;R;706;2;1340;4;;;Yrkesdøgn;12,5m - 16,0m;Januar;14,435;99,000;6889;6020
16;1600149;STRINDHEIMTUNNELEN;R;706;2;1340;4;;;Yrkesdøgn;12,5m - 16,0m;Februar;-1,882;100,000;5579;5686
16;1600149;STRINDHEIMTUNNELEN;R;706;2;1340;4;;;Yrkesdøgn;12,5m - 16,0m;Mars;-2,926;99,000;6105;6289
16;1600149;STRINDHEIMTUNNELEN;R;706;2;1340;4;;;Yrkesdøgn;12,5m - 16,0m;April;61,796;99,000;7153;4421
16;1600149;STRINDHEIMTUNNELEN;R;706;2;1340;4;;;Yrkesdøgn;12,5m - 16,0m;Mai;-12,640;100,000;5757;6590
16;1600149;STRINDHEIMTUNNELEN;R;706;2;1340;4;;;Yrkesdøgn;12,5m - 16,0m;Juni;22,970;100,000;8480;6896
16;1600149;STRINDHEIMTUNNELEN;R;706;2;1340;4;;;Yrkesdøgn;12,5m - 16,0m;Juli;7,285;100,000;5464;5093
16;1600149;STRINDHEIMTUNNELEN;R;706;2;1340;4;;;Yrkesdøgn;12,5m - 16,0m;August;5,429;100,000;7632;7239
16;1600149;STRINDHEIMTUNNELEN;R;706;2;1340;4;;;Yrkesdøgn;12,5m - 16,0m;September;6,076;100,000;6861;6468
16;1600149;STRINDHEIMTUNNELEN;R;706;2;1340;4;;;Yrkesdøgn;12,5m - 16,0m;Oktober;22,188;100,000;8343;6828
16;1600149;STRINDHEIMTUNNELEN;R;706;2;1340;4;;;Yrkesdøgn;12,5m - 16,0m;November;15,788;99,000;7906;6828
16;1600149;STRINDHEIMTUNNELEN;R;706;2;1340;4;;;Yrkesdøgn;12,5m - 16,0m;Desember;-13,816;99,000;4535;5262
16;1600149;STRINDHEIMTUNNELEN;R;706;2;1340;4;;;Yrkesdøgn;12,5m - 16,0m;Siste 12 måneder;9,622;99,000;80704;73620
16;1600149;STRINDHEIMTUNNELEN;R;706;2;1340;4;;;Yrkesdøgn;12,5m - 16,0m;Hittil i år;9,622;99,000;80704;73620
16;1600149;STRINDHEIMTUNNELEN;R;706;2;1340;4;;;Yrkesdøgn;>= 16,0m;Januar;5,601;99,000;7994;7570
16;1600149;STRINDHEIMTUNNELEN;R;706;2;1340;4;;;Yrkesdøgn;>= 16,0m;Februar;-2,987;100,000;7276;7500
16;1600149;STRINDHEIMTUNNELEN;R;706;2;1340;4;;;Yrkesdøgn;>= 16,0m;Mars;-17,909;99,000;7183;8750
16;1600149;STRINDHEIMTUNNELEN;R;706;2;1340;4;;;Yrkesdøgn;>= 16,0m;April;31,994;99,000;8247;6248
16;1600149;STRINDHEIMTUNNELEN;R;706;2;1340;4;;;Yrkesdøgn;>= 16,0m;Mai;-8,288;100,000;7868;8579
16;1600149;STRINDHEIMTUNNELEN;R;706;2;1340;4;;;Yrkesdøgn;>= 16,0m;Juni;4,724;100,000;9156;8743
16;1600149;STRINDHEIMTUNNELEN;R;706;2;1340;4;;;Yrkesdøgn;>= 16,0m;Juli;12,170;100,000;7521;6705
16;1600149;STRINDHEIMTUNNELEN;R;706;2;1340;4;;;Yrkesdøgn;>= 16,0m;August;1,750;100,000;9477;9314
16;1600149;STRINDHEIMTUNNELEN;R;706;2;1340;4;;;Yrkesdøgn;>= 16,0m;September;-5,294;100,000;8712;9199
16;1600149;STRINDHEIMTUNNELEN;R;706;2;1340;4;;;Yrkesdøgn;>= 16,0m;Oktober;6,619;100,000;9617;9020
16;1600149;STRINDHEIMTUNNELEN;R;706;2;1340;4;;;Yrkesdøgn;>= 16,0m;November;-0,772;99,000;8865;8934
16;1600149;STRINDHEIMTUNNELEN;R;706;2;1340;4;;;Yrkesdøgn;>= 16,0m;Desember;-8,876;99,000;6006;6591
16;1600149;STRINDHEIMTUNNELEN;R;706;2;1340;4;;;Yrkesdøgn;>= 16,0m;Siste 12 måneder;0,792;99,000;97922;97153
16;1600149;STRINDHEIMTUNNELEN;R;706;2;1340;4;;;Yrkesdøgn;>= 16,0m;Hittil i år;0,792;99,000;97922;97153
16;1600149;STRINDHEIMTUNNELEN;R;706;2;1340;4;;;Helgedøgn;Alle;Januar;5,428;99,000;122350;116051
16;1600149;STRINDHEIMTUNNELEN;R;706;2;1340;4;;;Helgedøgn;Alle;Februar;8,410;100,000;115004;106082
16;1600149;STRINDHEIMTUNNELEN;R;706;2;1340;4;;;Helgedøgn;Alle;Mars;22,456;99,000;136593;111545
16;1600149;STRINDHEIMTUNNELEN;R;706;2;1340;4;;;Helgedøgn;Alle;April;-1,250;99,000;145801;147647
16;1600149;STRINDHEIMTUNNELEN;R;706;2;1340;4;;;Helgedøgn;Alle;Mai;13,790;100,000;169914;149323
16;1600149;STRINDHEIMTUNNELEN;R;706;2;1340;4;;;Helgedøgn;Alle;Juni;13,314;100,000;140832;124285
16;1600149;STRINDHEIMTUNNELEN;R;706;2;1340;4;;;Helgedøgn;Alle;Juli;-12,287;100,000;105076;119795
16;1600149;STRINDHEIMTUNNELEN;R;706;2;1340;4;;;Helgedøgn;Alle;August;10,035;100,000;130395;118503
16;1600149;STRINDHEIMTUNNELEN;R;706;2;1340;4;;;Helgedøgn;Alle;September;22,475;100,000;159828;130499
16;1600149;STRINDHEIMTUNNELEN;R;706;2;1340;4;;;Helgedøgn;Alle;Oktober;-8,421;100,000;123787;135169
16;1600149;STRINDHEIMTUNNELEN;R;706;2;1340;4;;;Helgedøgn;Alle;November;0,327;99,000;134500;134061
16;1600149;STRINDHEIMTUNNELEN;R;706;2;1340;4;;;Helgedøgn;Alle;Desember;4,034;100,000;177035;170170
16;1600149;STRINDHEIMTUNNELEN;R;706;2;1340;4;;;Helgedøgn;Alle;Siste 12 måneder;6,269;99,000;1661115;1563130
16;1600149;STRINDHEIMTUNNELEN;R;706;2;1340;4;;;Helgedøgn;Alle;Hittil i år;6,269;99,000;1661115;1563130
16;1600149;STRINDHEIMTUNNELEN;R;706;2;1340;4;;;Helgedøgn;< 5,6m;Januar;5,505;99,000;118406;112228
16;1600149;STRINDHEIMTUNNELEN;R;706;2;1340;4;;;Helgedøgn;< 5,6m;Februar;8,689;100,000;111255;102361
16;1600149;STRINDHEIMTUNNELEN;R;706;2;1340;4;;;Helgedøgn;< 5,6m;Mars;22,131;99,000;131915;108011
16;1600149;STRINDHEIMTUNNELEN;R;706;2;1340;4;;;Helgedøgn;< 5,6m;April;-1,079;99,000;140667;142201
16;1600149;STRINDHEIMTUNNELEN;R;706;2;1340;4;;;Helgedøgn;< 5,6m;Mai;13,839;100,000;163141;143309
16;1600149;STRINDHEIMTUNNELEN;R;706;2;1340;4;;;Helgedøgn;< 5,6m;Juni;12,901;100,000;133500;118245
16;1600149;STRINDHEIMTUNNELEN;R;706;2;1340;4;;;Helgedøgn;< 5,6m;Juli;-12,930;100,000;98811;113485
16;1600149;STRINDHEIMTUNNELEN;R;706;2;1340;4;;;Helgedøgn;< 5,6m;August;9,738;100,000;124080;113069
16;1600149;STRINDHEIMTUNNELEN;R;706;2;1340;4;;;Helgedøgn;< 5,6m;September;22,283;100,000;152590;124784
16;1600149;STRINDHEIMTUNNELEN;R;706;2;1340;4;;;Helgedøgn;< 5,6m;Oktober;-8,678;100,000;118736;130019
16;1600149;STRINDHEIMTUNNELEN;R;706;2;1340;4;;;Helgedøgn;< 5,6m;November;0,103;99,000;129377;129244
16;1600149;STRINDHEIMTUNNELEN;R;706;2;1340;4;;;Helgedøgn;< 5,6m;Desember;3,871;100,000;171859;165454
16;1600149;STRINDHEIMTUNNELEN;R;706;2;1340;4;;;Helgedøgn;< 5,6m;Siste 12 måneder;6,119;99,000;1594337;1502410
16;1600149;STRINDHEIMTUNNELEN;R;706;2;1340;4;;;Helgedøgn;< 5,6m;Hittil i år;6,119;99,000;1594337;1502410
16;1600149;STRINDHEIMTUNNELEN;R;706;2;1340;4;;;Helgedøgn;>= 5,6m;Januar;3,192;99,000;3944;3822
16;1600149;STRINDHEIMTUNNELEN;R;706;2;1340;4;;;Helgedøgn;>= 5,6m;Februar;0,752;100,000;3749;3721
16;1600149;STRINDHEIMTUNNELEN;R;706;2;1340;4;;;Helgedøgn;>= 5,6m;Mars;32,380;99,000;4677;3533
16;1600149;STRINDHEIMTUNNELEN;R;706;2;1340;4;;;Helgedøgn;>= 5,6m;April;-5,694;99,000;5134;5444
16;1600149;STRINDHEIMTUNNELEN;R;706;2;1340;4;;;Helgedøgn;>= 5,6m;Mai;12,641;100,000;6772;6012
16;1600149;STRINDHEIMTUNNELEN;R;706;2;1340;4;;;Helgedøgn;>= 5,6m;Juni;21,361;100,000;7329;6039
16;1600149;STRINDHEIMTUNNELEN;R;706;2;1340;4;;;Helgedøgn;>= 5,6m;Juli;-0,698;100,000;6264;6308
16;1600149;STRINDHEIMTUNNELEN;R;706;2;1340;4;;;Helgedøgn;>= 5,6m;August;16,219;100,000;6313;5432
16;1600149;STRINDHEIMTUNNELEN;R;706;2;1340;4;;;Helgedøgn;>= 5,6m;September;26,658;100,000;7236;5713
16;1600149;STRINDHEIMTUNNELEN;R;706;2;1340;4;;;Helgedøgn;>= 5,6m;Oktober;-1,922;100,000;5051;5150
16;1600149;STRINDHEIMTUNNELEN;R;706;2;1340;4;;;Helgedøgn;>= 5,6m;November;6,332;99,000;5122;4817
16;1600149;STRINDHEIMTUNNELEN;R;706;2;1340;4;;;Helgedøgn;>= 5,6m;Desember;9,758;100,000;5174;4714
16;1600149;STRINDHEIMTUNNELEN;R;706;2;1340;4;;;Helgedøgn;>= 5,6m;Siste 12 måneder;9,983;99,000;66765;60705
16;1600149;STRINDHEIMTUNNELEN;R;706;2;1340;4;;;Helgedøgn;>= 5,6m;Hittil i år;9,983;99,000;66765;60705
16;1600149;STRINDHEIMTUNNELEN;R;706;2;1340;4;;;Helgedøgn;5,6m - 7,6m;Januar;4,281;99,000;1559;1495
16;1600149;STRINDHEIMTUNNELEN;R;706;2;1340;4;;;Helgedøgn;5,6m - 7,6m;Februar;3,922;100,000;1537;1479
16;1600149;STRINDHEIMTUNNELEN;R;706;2;1340;4;;;Helgedøgn;5,6m - 7,6m;Mars;33,066;99,000;1823;1370
16;1600149;STRINDHEIMTUNNELEN;R;706;2;1340;4;;;Helgedøgn;5,6m - 7,6m;April;-7,234;99,000;2026;2184
16;1600149;STRINDHEIMTUNNELEN;R;706;2;1340;4;;;Helgedøgn;5,6m - 7,6m;Mai;17,120;100,000;2627;2243
16;1600149;STRINDHEIMTUNNELEN;R;706;2;1340;4;;;Helgedøgn;5,6m - 7,6m;Juni;27,734;100,000;2897;2268
16;1600149;STRINDHEIMTUNNELEN;R;706;2;1340;4;;;Helgedøgn;5,6m - 7,6m;Juli;-3,318;100,000;2710;2803
16;1600149;STRINDHEIMTUNNELEN;R;706;2;1340;4;;;Helgedøgn;5,6m - 7,6m;August;18,125;100,000;2835;2400
16;1600149;STRINDHEIMTUNNELEN;R;706;2;1340;4;;;Helgedøgn;5,6m - 7,6m;September;23,570;100,000;2700;2185
16;1600149;STRINDHEIMTUNNELEN;R;706;2;1340;4;;;Helgedøgn;5,6m - 7,6m;Oktober;-0,666;100,000;1938;1951
16;1600149;STRINDHEIMTUNNELEN;R;706;2;1340;4;;;Helgedøgn;5,6m - 7,6m;November;1,603;99,000;1902;1872
16;1600149;STRINDHEIMTUNNELEN;R;706;2;1340;4;;;Helgedøgn;5,6m - 7,6m;Desember;10,682;100,000;2176;1966
16;1600149;STRINDHEIMTUNNELEN;R;706;2;1340;4;;;Helgedøgn;5,6m - 7,6m;Siste 12 måneder;10,382;99,000;26730;24216
16;1600149;STRINDHEIMTUNNELEN;R;706;2;1340;4;;;Helgedøgn;5,6m - 7,6m;Hittil i år;10,382;99,000;26730;24216
16;1600149;STRINDHEIMTUNNELEN;R;706;2;1340;4;;;Helgedøgn;7,6m - 12,5m;Januar;-11,355;99,000;890;1004
16;1600149;STRINDHEIMTUNNELEN;R;706;2;1340;4;;;Helgedøgn;7,6m - 12,5m;Februar;0,415;100,000;969;965
16;1600149;STRINDHEIMTUNNELEN;R;706;2;1340;4;;;Helgedøgn;7,6m - 12,5m;Mars;29,303;99,000;1187;918
16;1600149;STRINDHEIMTUNNELEN;R;706;2;1340;4;;;Helgedøgn;7,6m - 12,5m;April;-0,069;99,000;1455;1456
16;1600149;STRINDHEIMTUNNELEN;R;706;2;1340;4;;;Helgedøgn;7,6m - 12,5m;Mai;11,714;100,000;1955;1750
16;1600149;STRINDHEIMTUNNELEN;R;706;2;1340;4;;;Helgedøgn;7,6m - 12,5m;Juni;9,704;100,000;2114;1927
16;1600149;STRINDHEIMTUNNELEN;R;706;2;1340;4;;;Helgedøgn;7,6m - 12,5m;Juli;-0,549;100,000;1812;1822
16;1600149;STRINDHEIMTUNNELEN;R;706;2;1340;4;;;Helgedøgn;7,6m - 12,5m;August;18,802;100,000;1984;1670
16;1600149;STRINDHEIMTUNNELEN;R;706;2;1340;4;;;Helgedøgn;7,6m - 12,5m;September;31,691;100,000;2219;1685
16;1600149;STRINDHEIMTUNNELEN;R;706;2;1340;4;;;Helgedøgn;7,6m - 12,5m;Oktober;2,324;100,000;1629;1592
16;1600149;STRINDHEIMTUNNELEN;R;706;2;1340;4;;;Helgedøgn;7,6m - 12,5m;November;-14,225;99,000;1411;1645
16;1600149;STRINDHEIMTUNNELEN;R;706;2;1340;4;;;Helgedøgn;7,6m - 12,5m;Desember;5,688;100,000;1282;1213
16;1600149;STRINDHEIMTUNNELEN;R;706;2;1340;4;;;Helgedøgn;7,6m - 12,5m;Siste 12 måneder;7,140;99,000;18907;17647
16;1600149;STRINDHEIMTUNNELEN;R;706;2;1340;4;;;Helgedøgn;7,6m - 12,5m;Hittil i år;7,140;99,000;18907;17647
16;1600149;STRINDHEIMTUNNELEN;R;706;2;1340;4;;;Helgedøgn;12,5m - 16,0m;Januar;10,811;99,000;1189;1073
16;1600149;STRINDHEIMTUNNELEN;R;706;2;1340;4;;;Helgedøgn;12,5m - 16,0m;Februar;3,364;100,000;1014;981
16;1600149;STRINDHEIMTUNNELEN;R;706;2;1340;4;;;Helgedøgn;12,5m - 16,0m;Mars;36,534;99,000;1308;958
16;1600149;STRINDHEIMTUNNELEN;R;706;2;1340;4;;;Helgedøgn;12,5m - 16,0m;April;-4,974;99,000;1299;1367
16;1600149;STRINDHEIMTUNNELEN;R;706;2;1340;4;;;Helgedøgn;12,5m - 16,0m;Mai;3,789;100,000;1616;1557
16;1600149;STRINDHEIMTUNNELEN;R;706;2;1340;4;;;Helgedøgn;12,5m - 16,0m;Juni;26,399;100,000;1762;1394
16;1600149;STRINDHEIMTUNNELEN;R;706;2;1340;4;;;Helgedøgn;12,5m - 16,0m;Juli;5,130;100,000;1332;1267
16;1600149;STRINDHEIMTUNNELEN;R;706;2;1340;4;;;Helgedøgn;12,5m - 16,0m;August;5,962;100,000;1102;1040
16;1600149;STRINDHEIMTUNNELEN;R;706;2;1340;4;;;Helgedøgn;12,5m - 16,0m;September;26,443;100,000;1621;1282
16;1600149;STRINDHEIMTUNNELEN;R;706;2;1340;4;;;Helgedøgn;12,5m - 16,0m;Oktober;-14,574;100,000;1102;1290
16;1600149;STRINDHEIMTUNNELEN;R;706;2;1340;4;;;Helgedøgn;12,5m - 16,0m;November;30,664;99,000;1338;1024
16;1600149;STRINDHEIMTUNNELEN;R;706;2;1340;4;;;Helgedøgn;12,5m - 16,0m;Desember;8,670;100,000;1291;1188
16;1600149;STRINDHEIMTUNNELEN;R;706;2;1340;4;;;Helgedøgn;12,5m - 16,0m;Siste 12 måneder;10,769;99,000;15974;14421
16;1600149;STRINDHEIMTUNNELEN;R;706;2;1340;4;;;Helgedøgn;12,5m - 16,0m;Hittil i år;10,769;99,000;15974;14421
16;1600149;STRINDHEIMTUNNELEN;R;706;2;1340;4;;;Helgedøgn;>= 16,0m;Januar;22,400;99,000;306;250
16;1600149;STRINDHEIMTUNNELEN;R;706;2;1340;4;;;Helgedøgn;>= 16,0m;Februar;-22,635;100,000;229;296
16;1600149;STRINDHEIMTUNNELEN;R;706;2;1340;4;;;Helgedøgn;>= 16,0m;Mars;25,087;99,000;359;287
16;1600149;STRINDHEIMTUNNELEN;R;706;2;1340;4;;;Helgedøgn;>= 16,0m;April;-18,993;99,000;354;437
16;1600149;STRINDHEIMTUNNELEN;R;706;2;1340;4;;;Helgedøgn;>= 16,0m;Mai;24,242;100,000;574;462
16;1600149;STRINDHEIMTUNNELEN;R;706;2;1340;4;;;Helgedøgn;>= 16,0m;Juni;23,556;100,000;556;450
16;1600149;STRINDHEIMTUNNELEN;R;706;2;1340;4;;;Helgedøgn;>= 16,0m;Juli;-1,442;100,000;410;416
16;1600149;STRINDHEIMTUNNELEN;R;706;2;1340;4;;;Helgedøgn;>= 16,0m;August;21,739;100,000;392;322
16;1600149;STRINDHEIMTUNNELEN;R;706;2;1340;4;;;Helgedøgn;>= 16,0m;September;24,064;100,000;696;561
16;1600149;STRINDHEIMTUNNELEN;R;706;2;1340;4;;;Helgedøgn;>= 16,0m;Oktober;20,505;100,000;382;317
16;1600149;STRINDHEIMTUNNELEN;R;706;2;1340;4;;;Helgedøgn;>= 16,0m;November;70,652;99,000;471;276
16;1600149;STRINDHEIMTUNNELEN;R;706;2;1340;4;;;Helgedøgn;>= 16,0m;Desember;22,478;100,000;425;347
16;1600149;STRINDHEIMTUNNELEN;R;706;2;1340;4;;;Helgedøgn;>= 16,0m;Siste 12 måneder;16,580;99,000;5154;4421
16;1600149;STRINDHEIMTUNNELEN;R;706;2;1340;4;;;Helgedøgn;>= 16,0m;Hittil i år;16,580;99,000;5154;4421
